,Chengyu
0,辞严义正
1,捉贼捉赃
2,濯足濯缨
3,昭昭在目
4,早占勿药
5,置之死地
6,湛湛青天
7,自作解人
8,锱珠必较
9,属垣有耳
10,左拥右抱
11,簪缨世族
12,赭衣塞路
13,作育人材
14,足音跫然
15,佐雍得尝
16,左右采获
17,知小谋大
18,褚小杯大
19,助我张目
20,指天射鱼
21,资深望重
22,凿隧入井
23,郑人争年
24,着人先鞭
25,跖犬吠尧
26,众难群移
27,志美行厉
28,孳蔓难图
29,属毛离里
30,直木必伐
31,执两用中
32,只轮无反
33,正理平治
34,灾梨祸枣
35,眦裂发指
36,铢两分寸
37,自刽以下
38,中馈犹虚
39,踵决肘见
40,载酒问字
41,争鸡失羊
42,知尽能索
43,獐麇马鹿
44,在家出家
45,众好众恶
46,陟岵陟屺
47,综核名实
48,自坏长城
49,珠宫贝阙
50,走伏无地
51,煮豆燃箕
52,织当访婢
53,朱陈之好
54,织楚成门
55,织白守黑
56,执鞭随蹬
57,助边输财
58,钻冰求酥
59,猪卑狗险
60,灼艾分痛
61,一枝之栖
62,引足救经
63,言重九鼎
64,有志竟成
65,以一知万
66,盈盈一水
67,牙牙学语
68,夤缘攀附
69,游云惊龙
70,余食赘行
71,疑行无成
72,阳煦山立
73,猿穴坏山
74,仰屋著书
75,以往鉴来
76,鱼网鸿离
77,一榻横陈
78,偃鼠饮河
79,一身五心
80,烟视媚行
81,一身两头
82,羿射九日
83,永矢弗谖
84,一日之长
85,野人献芹
86,野人献曝
87,因任授官
88,一日九迁
89,阅人多矣
90,源泉万斛
91,欲取姑予
92,玉砌雕阑
93,厌难折冲
94,一牛九锁
95,阴凝坚冰
96,倚门倚闾
97,异名同实
98,倚马七纸
99,圆木警枕
100,勇猛果敢
101,鼋鸣鳖应
102,迎来送往
103,依流平进
104,元龙高卧
105,月露风云
106,一夔已足
107,一口三舌
108,一口两匙
109,掩口葫芦
110,盈科后进
111,圆孔方木
112,养精畜锐
113,仪静体闲
114,鹰击毛挚
115,延颈鹤望
116,有何面目
117,狱货非宝
118,忧国奉公
119,衣冠枭獍
120,阳关三迭
121,一方之任
122,蚁封穴雨
123,鬻儿卖女
124,遗大投艰
125,一代楷模
126,月旦春秋
127,饮醇自醉
128,有才无命
129,游辞巧饰
130,燕巢幕上
131,以冰致蝇
132,应变无方
133,援鳖失龟
134,妖不胜德
135,饮冰茹檗
136,仙姿玉貌
137,逊志时敏
138,旋转乾坤
139,希旨承颜
140,闲云野鹤
141,心闲手敏
142,悬悬而望
143,形枉影曲
144,衔尾相随
145,悬驼就石
146,行同狗彘
147,心如悬旌
148,衅起萧墙
149,献曝之忱
150,熊罴入梦
151,笑面夜叉
152,星灭光离
153,祥麟威凤
154,悬梁刺骨
155,犀角烛怪
156,悬旌万里
157,席卷天下
158,学究天人
159,悬剑空垄
160,玄酒瓠脯
161,雪窖冰天
162,崤函之固
163,香火因缘
164,向火乞儿
165,香花供养
166,小姑独处
167,心烦技痒
168,相辅而行
169,谑而不虐
170,小大由之
171,先得我心
172,隙大墙坏
173,悬石程书
174,埙篪相和
175,凶喘肤汗
176,下阪走丸
177,行不胜衣
178,物在人亡
179,恶醉强酒
180,沃野千里
181,五月披裘
182,畏影恶迹
183,亡羊得牛
184,谓予不信
185,韦弦之佩
186,吾膝如铁
187,我心如秤
188,勿忘在莒
189,尾生之信
190,无伤无臭
191,无适无莫
192,恶湿居下
193,梧鼠技穷
194,晚食当肉
195,危如朝露
196,屋如七星
197,委肉虎蹊
198,五雀六燕
199,问牛知马
200,寤寐求之
201,闻雷失箸
202,唯邻是卜
203,万缕千丝
204,万口一谈
205,无愧衾影
206,无噍类矣
207,晚节不保
208,五合六聚
209,微过细故
210,万贯家财
211,五谷不升
212,望风希旨
213,威风祥麟
214,误付洪乔
215,莞尔而笑
216,望断白云
217,妄尘而拜
218,无病自炙
219,位不期骄
220,叨在知己
221,投诸四裔
222,廷争面折
223,唐哉皇哉
224,田月桑时
225,彤云密布
226,他乡异县
227,天下为家
228,挑雪填井
229,同心合力
230,贪心不足
231,痛心拔脑
232,唐突西子
233,陶陶兀兀
234,豚蹄穰田
235,贪蛇忘尾
236,太上忘情
237,天上石麟
238,屠所牛羊
239,泰山梁木
240,泰山鸿毛
241,他山攻错
242,淘沙得金
243,退思补过
244,土穰细流
245,天壤悬隔
246,退如山移
247,嗒然若丧
248,陶情适性
249,太丘道广
250,绨袍之义
251,同袍同泽
252,叨陪末座
253,天凝地闭
254,同门异户
255,贪墨成风
256,头没杯案
257,檀郎谢女
258,徒乱人意
259,头会箕敛
260,韬晦之计
261,桃花潭水
262,叹观止矣
263,坦腹东床
264,土扶成墙
265,太阿倒持
266,天地经纬
267,徒读父书
268,天不假年
269,大璞不完
270,手泽之遗
271,慎终追远
272,桑中之约
273,山中宰相
274,搜章摘句
275,四战之地
276,损之又损
277,淑质英才
278,上智下愚
279,三旨相公
280,上烝下报
281,师直为壮
282,擅作威福
283,扇枕温被
284,隋珠弹雀
285,使智使勇
286,生张熟魏
287,三战三北
288,慎终如始
289,神州陆沉
290,少纵即逝
291,三贞九烈
292,声振寰宇
293,十载寒窗
294,丝竹管弦
295,掞藻飞声
296,随踵而至
297,食指大动
298,双足重茧
299,手足重茧
300,善游者溺
301,事预则立
302,夙夜在公
303,涩于言论
304,上医医国
305,神摇意夺
306,上援下推
307,声音笑貌
308,索隐行怪
309,素隐行怪
310,寿元无量
311,蛇欲吞象
312,舐痈吮痔
313,三浴三衅
314,胜友如云
315,善与人交
316,赏一劝百
317,上雨旁风
318,盛宴难再
319,事以密成
320,随缘乐助
321,三阳开泰
322,铩羽而归
323,三余读书
324,三星在天
325,三星在户
326,蛇蝎为心
327,少小无猜
328,硕学通儒
329,上下同门
330,水秀山明
331,思贤如渴
332,赏心乐事
333,三旬九食
334,十围五攻
335,熟魏生张
336,社威擅势
337,善为说辞
338,琐尾流离
339,使蚊负山
340,死无对证
341,什伍东西
342,身无长处
343,使贪使愚
344,伸头缩颈
345,山颓木坏
346,搔头摸耳
347,豕突狼奔
348,双瞳剪水
349,升堂拜母
350,束身自好
351,思深忧远
352,射石饮羽
353,虽死犹生
354,深思远虑
355,三三五五
356,舍死忘生
357,四书五经
358,三十三天
359,水色山光
360,三蛇七鼠
361,书声琅琅
362,三十六行
363,盛食厉兵
364,少私寡欲
365,神圣工巧
366,收视反听
367,首身分离
368,随俗浮沉
369,私淑弟子
370,升山采珠
371,嗜杀成性
372,善善从长
373,授受不亲
374,十日之饮
375,视如土芥
376,世扰俗乱
377,声如洪钟
378,视如敝屣
379,首丘之情
380,身轻言微
381,善气迎人
382,上情下达
383,势倾天下
384,事齐事楚
385,孀妻弱子
386,恃强凌弱
387,竖起脊梁
388,山栖谷隐
389,三年之艾
390,十年寒窗
391,丧明之痛
392,山木自寇
393,三马同槽
394,拭面容言
395,司马青衫
396,数米量柴
397,三命而俯
398,拭目而待
399,诗礼之家
400,霜露之病
401,丝来线去
402,三老五更
403,上楼去梯
404,黍离麦秀
405,十里长亭
406,山溜穿石
407,孙康映雪
408,市井之臣
409,蜀锦吴绫
410,山鸡舞镜
411,生寄死归
412,豕交兽畜
413,尸居龙见
414,虱胫虮肝
415,善贾而沽
416,数见不鲜
417,舌挢不下
418,上交不谄
419,隋侯之珠
420,水火之中
421,珊瑚在网
422,生花之笔
423,思患预防
424,三户亡秦
425,四海升平
426,三魂七魄
427,耸壑凌霄
428,身怀六甲
429,神号鬼哭
430,参横斗转
431,石火电光
432,四海鼎沸
433,时乖运蹇
434,神鬼莫测
435,双柑斗酒
436,三坟五典
437,鼠腹蜗肠
438,三复斯言
439,顺风而呼
440,三分鼎足
441,生而知之
442,死而无悔
443,疏而不漏
444,师道尊严
445,三迭阳关
446,舌端月旦
447,搔到痒处
448,丧胆销魂
449,树德务滋
450,神道设教
451,视丹如绿
452,舍短取长
453,说短论长
454,数短论长
455,生栋覆屋
456,善刀而藏
457,输财助边
458,上谄下渎
459,生齿日繁
460,胜残去杀
461,虱处裈中
462,诗肠鼓吹
463,死不足惜
464,十步香草
465,手不停挥
466,使臂使指
467,时不我与
468,俗不可医
469,时不可失
470,势不可挡
471,十病九痛
472,善罢干休
473,十步芳草
474,舌敝耳聋
475,食不重味
476,任重至远
477,人中之龙
478,如左右手
479,认贼为子
480,日中为市
481,人中狮子
482,人众胜天
483,人中骐骥
484,如振落叶
485,如锥画沙
486,如醉方醒
487,任重才轻
488,日坐愁城
489,如运诸掌
490,人以群分
491,日月丽天
492,仁义君子
493,人言藉藉
494,忍尤含垢
495,日月合壁
496,仁义道德
497,日月重光
498,日省月试
499,日削月割
500,任贤使能
501,仁心仁闻
502,仁心仁术
503,人心如面
504,柔心弱骨
505,如埙如箎
506,忍心害理
507,人心归向
508,入吾彀中
509,入铁主簿
510,肉袒牵羊
511,弱水之隔
512,如是我闻
513,如水投石
514,如手如足
515,人事代谢
516,忍辱偷生
517,茹柔吐刚
518,穰穰满家
519,忍辱含羞
520,人穷志短
521,人取我与
522,如丘而止
523,认奴作郞
524,入幕之宾
525,日暮途远
526,如梦方醒
527,人民城郭
528,攘来熙往
529,如临深渊
530,燃糠自照
531,如箭在弦
532,日居月诸
533,仁浆义粟
534,人己一视
535,入井望天
536,入境问禁
537,乳间股脚
538,如见肺肝
539,软红香土
540,软红十丈
541,人欢马叫
542,如火燎原
543,如鲠在喉
544,如风过耳
545,如蹈汤火
546,人多手杂
547,然荻读书
548,如登春台
549,任达不拘
550,日长一线
551,如痴如醉
552,染苍染黄
553,人百其身
554,若敖鬼馁
555,热熬翻饼
556,且住为佳
557,青紫被体
558,去住两难
559,强作解人
560,期颐之寿
561,清音幽韵
562,倾摇懈弛
563,穷猿投林
564,巧言如簧
565,巧言偏辞
566,穷阎漏屋
567,千岩竞秀
568,穷源竟委
569,强颜欢笑
570,驱羊攻虎
571,秦越肥瘠
572,青蝇吊客
573,牵羊担酒
574,屈艳班香
575,泣下沾襟
576,取辖投井
577,情见势屈
578,穷巷陋室
579,鹊笑鸠舞
580,齐心合力
581,情见乎辞
582,绮纨之岁
583,区闻陬见
584,窃位素餐
585,巧伪趋利
586,前挽后推
587,奇文瑰句
588,巧同造化
589,前庭悬鱼
590,去泰去甚
591,黔突暖席
592,情天孽海
593,欺天诳地
594,犬兔俱毙
595,雀鼠之争
596,寝苫枕块
597,琴瑟之好
598,丘山之功
599,漆身吞炭
600,情深潭水
601,秋色平分
602,欺三瞒四
603,秋扇见捐
604,弃书捐剑
605,青史传名
606,劝善惩恶
607,青山不老
608,轻视傲物
609,跫然足音
610,倩人捉刀
611,千仞无枝
612,谦让未遑
613,七日来复
614,凄入肝脾
615,区区之众
616,搴旗斩将
617,穷泉朽壤
618,求亲靠友
619,戚戚具尔
620,挈瓶之知
621,雀屏中选
622,奇葩异卉
623,迁怒于人
624,犬马之报
625,求马唐肆
626,裘马轻肥
627,前目后凡
628,去末归本
629,千里之足
630,琼林玉树
631,千里犹面
632,千里同风
633,穷理尽性
634,秦楼楚馆
635,迁客骚人
636,穷困潦倒
637,群空冀北
638,钳口不言
639,取精用弘
640,屈节辱命
641,千金买笑
642,弃旧怜新
643,敲金击石
644,骐骥过隙
645,浅见寡闻
646,全军覆灭
647,弃甲丢盔
648,求浆得酒
649,千金弊帚
650,群鸿戏海
651,屈蠖求伸
652,七行俱下
653,千回百折
654,奇光异彩
655,前古未有
656,窃钩窃国
657,强弓劲弩
658,清宫除道
659,七高八低
660,起凤腾蛟
661,清风两袖
662,前覆后戒
663,倾耳注目
664,千恩万谢
665,乞儿马医
666,强而后可
667,倾耳而听
668,乞儿乘车
669,群而不党
670,铅刀一割
671,拳打脚踢
672,裙带关系
673,齐大非耦
674,庆吊不行
675,琼厨金穴
676,倾肠倒肚
677,将伯之助
678,祛病延年
679,千变万状
680,穷不失义
681,情不可却
682,劝百讽一
683,寝不安席
684,平治天下
685,品竹弹丝
686,弸中彪外
687,破颜微笑
688,盘游无度
689,平原督邮
690,偏信则暗
691,披心相付
692,凭虚公子
693,批郤导窾
694,佩韦佩弦
695,普天率土
696,滂沱大雨
697,泼天大祸
698,暴腮龙门
699,凭轼结辙
700,扑杀此獠
701,判若云泥
702,旁求俊彦
703,枇杷门巷
704,翩翩公子
705,匹马只轮
706,披毛索靥
707,披麻救火
708,蓬门筚户
709,盘龙之癖
710,烹龙炮凤
711,蓬赖麻直
712,平流缓进
713,排糠障风
714,剖决如流
715,铺锦列绣
716,旁见侧出
717,批红判白
718,破瓜之年
719,破觚为圜
720,匹夫无罪
721,披发文身
722,贫而乐道
723,普度众生
724,蒲鞭之罚
725,破壁飞去
726,弄璋之喜
727,女中尧舜
728,能者为师
729,南州冠冕
730,南枝北枝
731,囊萤照书
732,难以为继
733,鲇鱼上竹
734,年谊世好
735,能言巧辩
736,年逾古稀
737,弄月嘲风
738,南鹞北鹰
739,内省不疚
740,弄瓦之喜
741,内外夹攻
742,南阮北阮
743,鸟穷则啄
744,逆取顺守
745,泥蟠不滓
746,怒猊渴骥
747,驽马铅刀
748,讷口少言
749,囊括四海
750,弄口鸣舌
751,纳屦踵决
752,匿迹销声
753,鸟集鳞萃
754,牛角挂书
755,拈花微笑
756,内顾之忧
757,鸟革翚飞
758,南冠楚囚
759,年谷不登
760,南贩北贾
761,逆耳之言
762,能不称官
763,墨子泣丝
764,牧猪奴戏
765,盲者得镜
766,猛志常在
767,蒙以养正
768,靡衣媮食
769,慢易生忧
770,抹月秕风
771,靡颜腻理
772,毛羽零落
773,妙语解颐
774,妙语解烦
775,暮夜怀金
776,莫余毒也
777,暮云春树
778,面有菜色
779,满园春色
780,民殷财阜
781,冥行盲索
782,明刑不戮
783,迷头认影
784,贸首之仇
785,面似靴皮
786,牧豕听经
787,目送手挥
788,妙手偶得
789,名实难副
790,名声籍甚
791,扪虱而谈
792,目食耳视
793,妙手丹青
794,明赏不费
795,目濡耳染
796,盲人把烛
797,美芹之献
798,鸣琴而治
799,面墙而立
800,民穷财匮
801,默默无言
802,名贸实易
803,蔓蔓日茂
804,蒙袂辑屦
805,卖李钻核
806,马鹿异形
807,茂林修竹
808,卖履分香
809,绵里薄材
810,马空冀北
811,眉睫之祸
812,木鸡养到
813,摸金校尉
814,毛举细务
815,马角乌白
816,铭肌镂骨
817,摩肩击毂
818,目击耳闻
819,芒寒色正
820,偭规越矩
821,莫敢谁何
822,满谷满坑
823,麋沸蚁动
824,弥缝其阙
825,明发不寐
826,名垂竹帛
827,蛮触相争
828,命俦啸侣
829,没齿无怨
830,莫此为甚
831,买菜求益
832,蔓草难除
833,名垂后世
834,妙处不传
835,民保于信
836,莫辨楮叶
837,浪子宰相
838,漏卮难满
839,凌杂米盐
840,良知良能
841,例直禁简
842,麟趾呈祥
843,两叶掩目
844,绿衣黄里
845,龙跃凤鸣
846,冷语冰人
847,恋新忘旧
848,利析秋毫
849,劳心苦思
850,柳下借阴
851,累瓦结绳
852,立谈之间
853,落汤螃蟹
854,灵蛇之珠
855,流水桃花
856,利市三倍
857,龙生九子
858,利深祸速
859,两鼠斗穴
860,砺山带河
861,流水朝宗
862,卵石不敌
863,令人起敬
864,黎丘丈人
865,廉泉让水
866,鹿裘不完
867,龙蟠虎踞
868,流年似水
869,梁孟相敬
870,朗目疏眉
871,鲁莽灭裂
872,冷面寒铁
873,落落难合
874,落落穆穆
875,荦荦大端
876,廉可寄财
877,两脚野狐
878,两脚书橱
879,励精更始
880,麟角凤嘴
881,离经辨志
882,醴酒不设
883,六合之内
884,林寒洞肃
885,利害得失
886,烈火辨日
887,两瞽相扶
888,六根清静
889,论甘忌辛
890,陵谷变迁
891,列风淫雨
892,麟凤一毛
893,罗敷有夫
894,燎发摧枯
895,漏脯充饥
896,两耳塞豆
897,立地书橱
898,履穿踵决
899,蓼虫忘辛
900,裸裎袒裼
901,六出纷飞
902,镂尘吹影
903,来处不易
904,轮扁斫轮
905,了不长进
906,利傍倚刀
907,令不虚行
908,老蚌生珠
909,利不亏义
910,了不可见
911,两部鼓吹
912,兰艾难分
913,口中蚤虱
914,刻意经营
915,孔席墨突
916,愧天怍人
917,看杀卫玠
918,枯树生花
919,空室清野
920,恪守成宪
921,姱容修态
922,看人眉眼
923,筐箧中物
924,狂犬吠日
925,恇怯不前
926,馈贫之粮
927,硁硁之愚
928,苦口良药
929,口讲指画
930,刻骨相思
931,空费词说
932,狂吠狴犴
933,渴而掘井
934,口多食寡
935,快犊破车
936,可操左券
937,悃愊无华
938,跬步千里
939,价增一顾
940,剪烛西窗
941,泾浊渭清
942,井中视星
943,截趾适屦
944,骥子龙文
945,竭智尽忠
946,九转功成
947,赍志而没
948,借箸代筹
949,居之不疑
950,惊猿脱兔
951,教一识百
952,将遇良材
953,九原可作
954,集苑集枯
955,饥鹰饿虎
956,教亦多术
957,积玉堆金
958,季友伯兄
959,久要不忘
960,吉祥止止
961,锦心绣肠
962,举贤使能
963,鸡胸龟背
964,九五之尊
965,鸡鹜争食
966,举无遗策
967,经纬万端
968,计无付之
969,金吾不禁
970,居停主人
971,金题玉躞
972,臼头深目
973,九天揽月
974,九天九地
975,酒食地狱
976,荆山之玉
977,季孙之忧
978,举十知九
979,金石之坚
980,金石之计
981,九世之仇
982,极深研幾
983,颊上添毫
984,掘室求鼠
985,锦瑟年华
986,鸡尸牛从
987,矫时慢物
988,借书留真
989,僭赏滥刑
990,结绳而治
991,积水成渊
992,金舌弊口
993,金人之缄
994,仅容旋马
995,解人难得
996,君辱臣死
997,纪群之交
998,经丘寻壑
999,阶前万里
1000,掎挈伺诈
1001,兼权熟计
1002,鸡犬皆仙
1003,见墙见羹
1004,绝其本根
1005,镜破钗分
1006,九年之蓄
1007,聚米为山
1008,谨毛失貌
1009,嚼墨喷纸
1010,借面吊丧
1011,金兰之友
1012,鹪鹩一枝
1013,季路一言
1014,圈牢养物
1015,踞炉炭上
1016,九烈三贞
1017,九流人物
1018,竭力虔心
1019,绝路逢生
1020,俭可养廉
1021,鸡口牛后
1022,济苦怜贫
1023,荆棘载途
1024,狷介之士
1025,斤斤自守
1026,金精玉液
1027,家鸡野鹜
1028,金鸡消息
1029,焦金烁石
1030,井臼亲操
1031,金尽裘弊
1032,精金良玉
1033,倔强倨傲
1034,家见户说
1035,洁己奉公
1036,鸠集凤池
1037,见几而作
1038,绝裙而去
1039,精金百炼
1040,旧恨新仇
1041,嗟悔无及
1042,久怀慕蔺
1043,娟好静秀
1044,江汉朝宗
1045,姜桂之性
1046,金匮石室
1047,居官守法
1048,俭故能广
1049,急公近利
1050,及瓜而代
1051,经国大业
1052,葭莩之亲
1053,夹袋人物
1054,交淡若水
1055,九鼎大吕
1056,季常之癖
1057,精采秀发
1058,驹齿未落
1059,金钗十二
1060,掎裳连袂
1061,今愁古恨
1062,及宾有鱼
1063,交臂历指
1064,疾不可为
1065,结不解缘
1066,何足为奇
1067,合从连衡
1068,患至呼天
1069,红叶题诗
1070,好语如珠
1071,褐衣不完
1072,鸿雁哀鸣
1073,寒心酸鼻
1074,好为事端
1075,黄台之瓜
1076,虎体熊腰
1077,号啕大哭
1078,海水群飞
1079,红绳系足
1080,洪水横流
1081,火伞高张
1082,和如琴瑟
1083,虎珀拾芥
1084,罕譬而喻
1085,淮南鸡犬
1086,豪门巨室
1087,鹤鸣九皋
1088,黄绵袄子
1089,黄垆之痛
1090,虎狼之势
1091,濠梁之上
1092,瑚琏之器
1093,黄梁一梦
1094,海立云垂
1095,河梁携手
1096,黄梁美梦
1097,洪炉燎发
1098,呼卢喝雉
1099,毫厘不爽
1100,黄金铸象
1101,壶浆塞道
1102,祸绝福连
1103,昏镜重磨
1104,寒花晚节
1105,恨海难填
1106,挥毫落纸
1107,火光烛天
1108,汉官威仪
1109,华冠丽服
1110,呼庚呼癸
1111,回光返照
1112,挥戈反日
1113,胡肥锺瘦
1114,祸福相依
1115,后福无量
1116,惠风和畅
1117,黄发垂髫
1118,黄耳传书
1119,和而不唱
1120,画荻教子
1121,诲盗诲淫
1122,华不再扬
1123,呼不给吸
1124,官止神行
1125,归正守丘
1126,弓折刀尽
1127,果于自信
1128,膏腴之地
1129,各有所职
1130,姑射神人
1131,甘言美语
1132,龟厌不告
1133,高翔远引
1134,肝心若裂
1135,关心民瘼
1136,观往知来
1137,告往知来
1138,过为已甚
1139,国无宁日
1140,共挽鹿车
1141,歌台舞榭
1142,告朔饩羊
1143,国色天姿
1144,关山迢递
1145,钩深索隐
1146,冠上履下
1147,公私两便
1148,格杀不论
1149,骨肉至亲
1150,改容易貌
1151,苟全性命
1152,规求无度
1153,干卿底事
1154,公门桃李
1155,古貌古心
1156,龟冷支床
1157,广陵散绝
1158,龟龙片甲
1159,更令明号
1160,孤鸾寡鹄
1161,感旧之哀
1162,钩金舆羽
1163,冠绝一时
1164,古井无波
1165,恭敬桑梓
1166,寡见少闻
1167,故剑情深
1168,膏肓之疾
1169,膏火之费
1170,龟鹤遐寿
1171,苟合取容
1172,骨寒毛竖
1173,庚癸之呼
1174,骨鲠之臣
1175,亘古通今
1176,顾复之恩
1177,国富民丰
1178,国富民安
1179,古肥今瘠
1180,寡凫单鹄
1181,革带移孔
1182,耕当问奴
1183,瓜瓞绵绵
1184,弓调马服
1185,古调单弹
1186,古调不弹
1187,干城之将
1188,宫车晏驾
1189,刮肠洗胃
1190,功成行满
1191,膏唇试舌
1192,高材捷足
1193,刚肠嫉恶
1194,各不相谋
1195,甘败下风
1196,功标青史
1197,功薄蝉翼
1198,发综指示
1199,风烛之年
1200,釜中游鱼
1201,纷至踏来
1202,付诸洪乔
1203,付之丙丁
1204,俯仰之间
1205,烦言碎辞
1206,发引千钧
1207,风影敷衍
1208,蜂拥而来
1209,浮一大白
1210,反眼不识
1211,非我族类
1212,返我初服
1213,佛头着粪
1214,奉头鼠窜
1215,服田力穑
1216,佛头加秽
1217,方头不劣
1218,肤受之诉
1219,抚绥万方
1220,飞升腾实
1221,俯首帖耳
1222,浮生切响
1223,反手可得
1224,匪石匪席
1225,肺石风清
1226,废书而叹
1227,俯拾地芥
1228,怫然作色
1229,负气斗狠
1230,覆盆之冤
1231,飞蓬随风
1232,反璞归真
1233,泛萍浮梗
1234,负驽前驱
1235,反面文章
1236,奉命唯谨
1237,父母恩勤
1238,富埒陶白
1239,逢君之恶
1240,附骥攀鸿
1241,附骥名彰
1242,凤凰在笯
1243,曙后星孤
1244,风华绝代
1245,风骨峭峻
1246,妨功害能
1247,烽鼓不息
1248,葑菲之采
1249,锋发韵流
1250,腹非心谤
1251,发凡起例
1252,贩夫贩妇
1253,方底圆盖
1254,飞遁鸣高
1255,蜚短流长
1256,非池中物
1257,分寸之末
1258,非常之谋
1259,分钗破镜
1260,发策决科
1261,反哺之情
1262,返哺之恩
1263,分别部居
1264,恩重泰山
1265,恶紫夺朱
1266,恶语中伤
1267,恶衣粝食
1268,讹言惑众
1269,恩怨分明
1270,恶有恶报
1271,恩逾慈母
1272,二姓之好
1273,耳闻则诵
1274,耳闻目见
1275,耳闻目击
1276,扼腕长叹
1277,恩同父母
1278,恩深义重
1279,恩甚怨生
1280,恩山义海
1281,二竖为虐
1282,二三其意
1283,恩若再生
1284,恩荣并济
1285,饿殍满道
1286,饿莩遍野
1287,儿女成行
1288,蛾眉皓齿
1289,耳目股肱
1290,鹅毛大雪
1291,恶迹昭著
1292,恶积祸盈
1293,饿虎之蹊
1294,耳后生风
1295,扼喉抚背
1296,扼吭夺食
1297,恩恩相报
1298,恩德如山
1299,对症之药
1300,东走西顾
1301,鼎足三分
1302,淡汝浓抹
1303,蠹众木折
1304,旦种暮成
1305,堕甑不顾
1306,短垣自逾
1307,钓游之地
1308,定于一尊
1309,堕云雾中
1310,德音莫违
1311,地狱变相
1312,断袖之癖
1313,多许少与
1314,砥行磨名
1315,砥行立名
1316,顿学累功
1317,蹈袭覆辙
1318,抵瑕蹈隙
1319,阽危之域
1320,冬温夏清
1321,多文为富
1322,刀头舔蜜
1323,毒手尊前
1324,大失人望
1325,掉三寸舌
1326,斗粟尺布
1327,动如脱兔
1328,冬裘夏葛
1329,东怒西怨
1330,低眉折腰
1331,大莫与京
1332,大梦初醒
1333,雕阑玉砌
1334,肚里泪下
1335,砥砺风节
1336,堤溃蚁穴
1337,多口阿师
1338,蹈节死义
1339,咄嗟立办
1340,堆金积玉
1341,砥节奉公
1342,堆金叠玉
1343,大节不夺
1344,冬烘先生
1345,大含细入
1346,大寒索裘
1347,惮赫千里
1348,单鹄寡凫
1349,短褐穿结
1350,电光朝露
1351,倒戈卸甲
1352,登高望远
1353,大法小廉
1354,斗而铸锥
1355,颠倒阴阳
1356,胆大心小
1357,道大莫容
1358,旦旦而伐
1359,豆重榆瞑
1360,倒裳索领
1361,洞察秋毫
1362,得薄能鲜
1363,对薄公堂
1364,大本大宗
1365,掉臂不顾
1366,摧折豪强
1367,翠竹黄花
1368,沉吟章句
1369,楚腰纤细
1370,川壅必溃
1371,喘息之间
1372,吹箫乞食
1373,寸心千古
1374,初写黄庭
1375,秤薪而爨
1376,乘虚迭出
1377,触物兴怀
1378,慈乌返哺
1379,承天之祐
1380,蚕头燕尾
1381,粗通文墨
1382,成算在心
1383,菜蔬之色
1384,啜食吐哺
1385,炊沙成饭
1386,长生不死
1387,刍荛之见
1388,宠辱皆忘
1389,稠人广座
1390,词穷理极
1391,春葩丽藻
1392,残年余力
1393,楚梦云雨
1394,聪明一世
1395,触目兴叹
1396,垂名青史
1397,草满囹圄
1398,草木俱朽
1399,沉湎酒色
1400,残民害理
1401,出谋画策
1402,攒眉蹙额
1403,莼鲈之思
1404,重峦叠嶂
1405,踔绝之能
1406,秤斤注两
1407,吹角连营
1408,采及葑菲
1409,尺蠖求伸
1410,橙黄橘绿
1411,苍黄翻复
1412,春回大地
1413,仓皇出逃
1414,沉痼自若
1415,摧刚为柔
1416,才高识远
1417,楚棺秦楼
1418,藏弓烹狗
1419,唇干口燥
1420,刺股读书
1421,重规迭矩
1422,入圣超凡
1423,辞富居贫
1424,沉浮俯仰
1425,痴儿呆女
1426,倡而不和
1427,愁多夜长
1428,传道受业
1429,才短思涩
1430,尺椽片瓦
1431,愁肠九回
1432,出尘不染
1433,踟蹰不前
1434,沈博绝丽
1435,词不逮理
1436,不知世务
1437,不知丁董
1438,白眼相看
1439,抱怨雪耻
1440,褒衣危冠
1441,别有风趣
1442,禀性难移
1443,不徐不疾
1444,白往黑来
1445,抱瓮出灌
1446,博闻辩言
1447,冰天雪窑
1448,不同流俗
1449,巴山夜雨
1450,变色之言
1451,变色易容
1452,不识马肝
1453,白日衣绣
1454,不擒二毛
1455,搏牛之虻
1456,百鸟朝凤
1457,拔毛连茹
1458,薄命佳人
1459,闭门酣歌
1460,背盟败约
1461,霸陵醉尉
1462,比类从事
1463,不堪其忧
1464,不愧不作
1465,不教之教
1466,不及之法
1467,不羁之才
1468,比肩齐声
1469,避害就利
1470,抱恨黄泉
1471,补过拾遗
1472,不改其乐
1473,傍观冷眼
1474,不愤不启
1475,不悱不发
1476,北斗之尊
1477,不成三瓦
1478,便辞巧说
1479,不拔之志
1480,不辨真伪
1481,布帛菽粟
1482,步步莲花
1483,不辟斧钺
1484,安宅正路
1485,按行自抑
1486,安身为乐
1487,昂然自得
1488,鞍马劳困
1489,安魂定魄
1490,哀感中年
1491,安分知足
1492,安常守故
1493,爱才如渴
1494,傲不可长
1495,如鸟兽散
1496,蟾宫折桂
1497,牛溲马勃
1498,金瓯无缺
1499,曲突徙薪
1500,博士买驴
1501,马革裹尸
1502,下车伊始
1503,不即不离
1504,寸丝不挂
1505,唇枪舌剑
1506,如汤沃雪
1507,精卫填海
1508,金屋贮娇
1509,解衣推食
1510,骥伏盐车
1511,鸣鼓而攻
1512,口血未干
1513,涸辙之鲋
1514,批亢捣虚
1515,不教而诛
1516,见危授命
1517,牝鸡司晨
1518,马勃牛溲
1519,剖腹藏珠
1520,毁家纾难
1521,秦镜高悬
1522,草庐三顾
1523,杵臼之交
1524,东床坦腹
1525,夙夜匪懈
1526,疾首蹙额
1527,舌敝唇焦
1528,粗心浮气
1529,不经之谈
1530,行远自迩
1531,弃甲曳兵
1532,不二法门
1533,见贤思齐
1534,胶柱鼓瑟
1535,茕茕孑立
1536,治丝益棼
1537,黯然销魂
1538,血流漂杵
1539,抵足而眠
1540,公诸同好
1541,安身立命
1542,反求诸己
1543,窥豹一斑
1544,搔头弄姿
1545,背城借一
1546,箪食瓢饮
1547,楚弓楚得
1548,不露圭角
1549,涤瑕荡秽
1550,瓦釜雷鸣
1551,诛求无已
1552,博物洽闻
1553,博物多闻
1554,椎心泣血
1555,寡闻少见
1556,沉冤莫雪
1557,衮衮诸公
1558,得鱼忘筌
1559,忘其所以
1560,工力悉敌
1561,交臂失之
1562,博洽多闻
1563,铢两悉称
1564,筚路蓝缕
1565,危若朝露
1566,为渊驱鱼
1567,语焉不详
1568,暗室欺心
1569,冰解冻释
1570,如臂使指
1571,筋疲力竭
1572,目迷五色
1573,皮里阳秋
1574,恒河沙数
1575,改过迁善
1576,弹冠相庆
1577,白丁俗客
1578,凄风苦雨
1579,冰壶秋月
1580,甚嚣尘上
1581,大而化之
1582,暴虎冯河
1583,不可胜计
1584,敬谢不敏
1585,头角峥嵘
1586,擢发难数
1587,涅而不缁
1588,瞠乎其后
1589,日不暇给
1590,做张做智
1591,戎马倥偬
1592,筑室道谋
1593,连城之璧
1594,一柱擎天
1595,坚甲利兵
1596,布衣黔首
1597,魑魅魍魉
1598,东食西宿
1599,宽猛相济
1600,高阳酒徒
1601,沐猴而冠
1602,夸父逐日
1603,生公说法
1604,韦编三绝
1605,牝牡骊黄
1606,绠短汲深
1607,北辕适楚
1608,长袖善舞
1609,前倨后恭
1610,人给家足
1611,归马放牛
1612,倩女离魂
1613,龙蛇飞动
1614,白衣苍狗
1615,扣槃扪烛
1616,赤绳系足
1617,唱筹量沙
1618,程门立雪
1619,爱鹤失众
1620,河鱼腹疾
1621,灭此朝食
1622,白龙鱼服
1623,抱瓮灌园
1624,三纸无驴
1625,牛鼎烹鸡
1626,倒屣相迎
1627,蓝田生玉
1628,负重致远
1629,引商刻羽
1630,炊沙作饭
1631,仁言利博
1632,囚首垢面
1633,簸土扬沙
1634,伊于胡底
1635,人一己百
1636,驷不及舌
1637,反裘负刍
1638,丑声远播
1639,穿云裂石
1640,寸阴若岁
1641,左宜右有
1642,噬脐何及
1643,并蒂芙蓉
1644,求仁得仁
1645,鞭辟入里
1646,雪泥鸿爪
1647,伤心惨目
1648,戴月披星
1649,光焰万丈
1650,白日升天
1651,不差累黍
1652,岁不我与
1653,见猎心喜
1654,千了百当
1655,疾足先得
1656,间不容发
1657,白云亲舍
1658,穷当益坚
1659,声闻过情
1660,桀犬吠尧
1661,金针度人
1662,赤口白舌
1663,见兔顾犬
1664,见兔放鹰
1665,袒裼裸裎
1666,班荆道故
1667,苗而不秀
1668,观者如堵
1669,坐不垂堂
1670,高唱入云
1671,鼎铛玉石
1672,吊死问疾
1673,色授魂与
1674,浮生若梦
1675,避世绝俗
1676,布衣韦带
1677,登山临水
1678,惜指失掌
1679,奔逸绝尘
1680,表里山河
1681,壁立千仞
1682,币重言甘
1683,如芒在背
1684,口诵心惟
1685,生死肉骨
1686,望门投止
1687,冰魂雪魄
1688,吊民伐罪
1689,饱以老拳
1690,冶叶倡条
1691,傍花随柳
1692,帷薄不修
1693,沉郁顿挫
1694,兰摧玉折
1695,彰善瘅恶
1696,筚门闺窦
1697,尧年舜日
1698,疾言遽色
1699,失惊打怪
1700,十羊九牧
1701,屋下架屋
1702,龙蟠凤逸
1703,超然自得
1704,超然自逸
1705,计出万全
1706,啜菽饮水
1707,阪上走丸
1708,倒悬之急
1709,形格势禁
1710,低首下心
1711,笔走龙蛇
1712,存亡未卜
1713,狐死首丘
1714,跋前踬后
1715,人莫予毒
1716,不郎不秀
1717,户告人晓
1718,华屋山丘
1719,光前裕后
1720,乘坚策肥
1721,闭关却扫
1722,长生久视
1723,管窥筐举
1724,圆凿方枘
1725,肩摩踵接
1726,深根固柢
1727,筑室反耕
1728,太仓一粟
1729,羝羊触藩
1730,兰艾同焚
1731,厚貌深情
1732,朝闻夕死
1733,采薪之忧
1734,阿家阿翁
1735,卑辞厚礼
1736,卑辞重币
1737,超然象外
1738,地崩山摧
1739,高情远致
1740,齐东野语
1741,髀肉复生
1742,博闻强志
1743,水米无交
1744,别具肺肠
1745,别有肺肠
1746,胼手胝足
1747,握拳透爪
1748,春风风人
1749,臭不可当
1750,插科打诨
1751,积年累月
1752,背恩忘义
1753,铺张扬厉
1754,殚见洽闻
1755,良工心苦
1756,自郐以下
1757,超超玄箸
1758,倾箱倒箧
1759,尸居余气
1760,浮家泛宅
1761,披发左衽
1762,计功行赏
1763,一暝不视
1764,禽困覆车
1765,软玉温香
1766,深沟高垒
1767,卜夜卜昼
1768,卜昼卜夜
1769,称体载衣
1770,断发文身
1771,卑礼厚币
1772,杜门却扫
1773,鲁鱼帝虎
1774,鲁鱼亥豕
1775,撺拳拢袖
1776,深文周纳
1777,背山起楼
1778,水陆毕陈
1779,吹大法螺
1780,声气相求
1781,绳趋尺步
1782,并日而食
1783,更仆难数
1784,推襟送抱
1785,深藏若虚
1786,计日而待
1787,鱼游釜中
1788,沉湎淫逸
1789,沉静寡言
1790,比肩接踵
1791,扫地以尽
1792,计穷力竭
1793,残暴不仁
1794,予取予求
1795,明若观火
1796,掂斤播两
1797,怀璧其罪
1798,用舍行藏
1799,群轻折轴
1800,拔本塞原
1801,闻一知十
1802,蓬户瓮牖
1803,浑金璞玉
1804,燕颔虎颈
1805,仙山琼阁
1806,敌忾同仇
1807,衾影无惭
1808,侯门如海
1809,馨香祷祝
1810,操刀必割
1811,量能授官
1812,安坐待毙
1813,俾昼作夜
1814,卖剑买牛
1815,解衣衣人
1816,绝口不道
1817,植党营私
1818,剗草除根
1819,朝令暮改
1820,怙恶不悛
1821,居不重席
1822,泣涕如雨
1823,望衡对宇
1824,翦草除根
1825,拔犀擢象
1826,安常习故
1827,瞋目切齿
1828,闭口藏舌
1829,才短气粗
1830,不茶不饭
1831,黩武穷兵
1832,三衅三浴
1833,飘蓬断梗
1834,差三错四
1835,汲汲皇皇
1836,长虑顾后
1837,降志辱身
1838,稗官野史
1839,抱令守律
1840,超尘出俗
1841,风流蕴藉
1842,除旧更新
1843,斗鸡走狗
1844,不蔓不枝
1845,进寸退尺
1846,钝口拙腮
1847,朝梁暮陈
1848,寡见鲜闻
1849,肥马轻裘
1850,安堵乐业
1851,大醇小疵
1852,日削月朘
1853,粗衣粝食
1854,朝齑暮盐
1855,摧枯折腐
1856,鬼哭神嚎
1857,落魄不羁
1858,落拓不羁
1859,比肩叠迹
1860,寸量铢称
1861,贵远贱近
1862,鸠形鹄面
1863,辜恩负义
1864,炫玉贾石
1865,傲慢少礼
1866,踌躇不决
1867,财殚力痡
1868,吮痈舐痔
1869,谄谀取容
1870,小廉曲谨
1871,卖公营私
1872,一馈十起
1873,发扬蹈厉
1874,断齑画粥
1875,细针密缕
1876,炊金馔玉
1877,布裙荆钗
1878,樗栎庸材
1879,必里迟离
1880,坐言起行
1881,方枘圆凿
1882,二心两意
1883,贩夫皂隶
1884,辩口利辞
1885,粗衣淡饭
1886,长辔远驭
1887,聱牙诘曲
1888,寸积铢累
1889,寸进尺退
1890,长林丰草
1891,崇论闳议
1892,嘉言懿行
1893,寸男尺女
1894,飘风暴雨
1895,封豕长蛇
1896,山珍海错
1897,白发朱颜
1898,荆钗布裙
1899,慕古薄今
1900,不教而杀
1901,磨砺以须
1902,一仍旧贯
1903,大块朵颐
1904,日食万钱
1905,每下愈况
1906,哀毁骨立
1907,出手得卢
1908,率由旧章
1909,不敢告劳
1910,出何典记
1911,藏之名山
1912,不直一钱
1913,不愧屋漏
1914,不分畛域
1915,不得其死
1916,再作冯妇
1917,傲睨一世
1918,不存芥蒂
1919,视民如伤
1920,如坐春风
1921,掠人之美
1922,上下其手
1923,止于至善
1924,克绍箕裘
1925,不失毫厘
1926,不可胜言
1927,垂范百世
1928,令人齿冷
1929,安枕而卧
1930,莫逆于心
1931,还乡昼锦
1932,憬然有悟
1933,一以贯之
1934,蹉跎时日
1935,踽踽独行
1936,清夜扪心
1937,述而不作
1938,碌碌寡合
1939,国尔忘家
1940,蔼然可亲
1941,新发于硎
1942,怛然失色
1943,金石之言
1944,岸谷之变
1945,金兰之契
1946,枯鱼之肆
1947,白蜡明经
1948,不根之谈
1949,持平之论
1950,粲花之论
1951,初发芙蓉
1952,管鲍之交
1953,径情直遂
1954,归去来兮
1955,旷古绝伦
1956,二三其德
1957,如椽大笔
1958,荦荦大者
1959,经世之才
1960,寸铁杀人
1961,暗室亏心
1962,金人三缄
1963,陈言务去
1964,沉吟未决
1965,草间求活
1966,越鸟南栖
1967,金鼓齐鸣
1968,楚囚对泣
1969,琴瑟调和
1970,同气相求
1971,进退失据
1972,匕鬯不惊
1973,边尘不惊
1974,眉目如画
1975,词不逮意
1976,暗箭中人
1977,囊匣如洗
1978,行不由径
1979,一介不取
1980,情逾骨肉
1981,才兼文武
1982,目不窥园
1983,力透纸背
1984,马齿徒增
1985,从恶若崩
1986,车马盈门
1987,人命危浅
1988,比屋可封
1989,汗颜无地
1990,舐糠及米
1991,千里莼羹
1992,篝火狐鸣
1993,割席分坐
1994,京兆画眉
1995,牛衣对泣
1996,狂奴故态
1997,扣壶长吟
1998,伯道无儿
1999,橘化为枳
2000,麦丘之祝
2001,南风不竞
2002,披裘负薪
2003,抉目吴门
2004,狗恶酒酸
2005,鼓盆之戚
2006,杀妻求将
2007,罗雀掘鼠
2008,金龟换酒
2009,青钱万选
2010,击钵催诗
2011,面壁功深
2012,陇头音信
2013,户限为穿
2014,穿井得人
2015,埋轮破柱
2016,率马以骥
2017,探骊得珠
2018,戴盆望天
2019,奇文共赏
2020,龙骧虎步
2021,藏器待时
2022,笙磬同音
2023,回嗔作喜
2024,杜口裹足
2025,贵耳贱目
2026,登坛拜将
2027,兰因絮果
2028,腾蛟起凤
2029,山崩钟应
2030,顽廉懦立
2031,干云蔽日
2032,孔武有力
2033,尝鼎一脔
2034,画地而趋
2035,比肩并起
2036,谈言微中
2037,轻裘肥马
2038,尽态极妍
2039,乐以忘忧
2040,入主出奴
2041,长亭短亭
2042,从井救人
2043,高山景行
2044,视如寇仇
2045,朱轮华毂
2046,枉己正人
2047,称贤荐能
2048,箪食壶浆
2049,攀辕卧辙
2050,龙骧虎视
2051,救火扬沸
2052,明日黄花
2053,急管繁弦
2054,冠盖相望
2055,殷鉴不远
2056,故旧不弃
2057,社鼠城狐
2058,投鞭断流
2059,报本反始
2060,锥刀之末
2061,蝇粪点玉
2062,通都大邑
2063,人心惟危
2064,补天浴日
2065,波澜老成
2066,美轮美奂
2067,色衰爱弛
2068,鉴貌辨色
2069,秋风过耳
2070,杀敌致果
2071,尘饭涂羹
2072,徒托空言
2073,探赜索隐
2074,代人说项
2075,环堵萧然
2076,绳其祖武
2077,童牛角马
2078,危言危行
2079,怀瑾握瑜
2080,春山如笑
2081,升堂入室
2082,积不相能
2083,交浅言深
2084,五世其昌
2085,磨穿铁砚
2086,狐裘羔袖
2087,舍己从人
2088,鸾翔凤集
2089,冠盖如云
2090,丑类恶物
2091,略迹原情
2092,饥餐渴饮
2093,目挑心招
2094,毛举细故
2095,因利乘便
2096,悖入悖出
2097,为德不卒
2098,天涯比邻
2099,积厚流光
2100,摩顶放踵
2101,日中则昃
2102,辙乱旗靡
2103,穿房入户
2104,巧发奇中
2105,判若鸿沟
2106,扫榻以待
2107,遗世独立
2108,明正典刑
2109,投袂而起
2110,东扶西倒
2111,为鬼为蜮
2112,目无全牛
2113,翘足引领
2114,钟鸣漏尽
2115,跼天蹐地
2116,嫠不恤纬
2117,兽聚鸟散
2118,薪尽火传
2119,旅进旅退
2120,木本水源
2121,国士无双
2122,跛鳖千里
2123,扫眉才子
2124,美人迟暮
2125,面缚舆榇
2126,断鹤续凫
2127,础润而雨
2128,顾犬补牢
2129,多财善贾
2130,触物伤情
2131,见可而进
2132,彼倡此和
2133,拔宅上升
2134,器二不匮
2135,下乔入幽
2136,触机便发
2137,鸡鸣戒旦
2138,心慕手追
2139,飙举电至
2140,出谷迁乔
2141,掣襟露肘
2142,列功覆过
2143,冒名接脚
2144,裒多益寡
2145,裁长补短
2146,弃瑕录用
2147,随时制宜
2148,操翰成章
2149,衣绣昼行
2150,怀宝迷邦
2151,举手加额
2152,鞭辟近里
2153,人亡政息
2154,触目恸心
2155,济河焚舟
2156,绝长补短
2157,借交报仇
2158,闭户读书
2159,刿目怵心
2160,炳烛夜游
2161,挥戈回日
2162,担雪塞井
2163,截趾适履
2164,排沙简金
2165,解甲投戈
2166,锦衣行昼
2167,剖肝泣血
2168,看朱成碧
2169,上树拔梯
2170,获兔烹狗
2171,望秋先零
2172,截鹤续凫
2173,炙冰使燥
2174,披毛索黡
2175,刖趾适履
2176,知一万毕
2177,捣虚批吭
2178,澄沙汰砾
2179,穿壁引光
2180,抱布贸丝
2181,渴而穿井
2182,拆白道字
2183,刻鹄类鹜
2184,把薪助火
2185,剥床及肤
2186,歼一警百
2187,持蠡测海
2188,人存政举
2189,磨砖成镜
2190,爱人以德
2191,不绝如发
2192,长乐未央
2193,假力于人
2194,弱不好弄
2195,从令如流
2196,贪贿无艺
2197,明见万里
2198,积甲山齐
2199,回肠九转
2200,运斤成风
2201,困心横虑
2202,采兰赠药
2203,不存不济
2204,执鞭随镫
2205,雕肝琢肾
2206,校短量长
2207,仰事俯畜
2208,梯山航海
2209,餐腥啄腐
2210,发扬踔厉
2211,深耕易耨
2212,浃髓沦肌
2213,画脂镂冰
2214,地丑德齐
2215,安故重迁
2216,分钗断带
2217,倾筐倒箧
2218,尺布斗粟
2219,发蒙振落
2220,吹影镂尘
2221,诡衔窃辔
2222,陈师鞠旅
2223,把素持斋
2224,持斋把素
2225,句斟字酌
2226,戢鳞潜翼
2227,持盈保泰
2228,唇焦舌敝
2229,猜枚行令
2230,肥遁鸣高
2231,伐毛洗髓
2232,跨凤乘龙
2233,朝乾夕惕
2234,研精覃思
2235,摧坚陷阵
2236,摧锋陷阵
2237,爱日惜力
2238,厉世摩钝
2239,放饭流歠
2240,呼牛呼马
2241,变古易常
2242,绝圣弃智
2243,嘲风咏月
2244,嘲风弄月
2245,钩玄提要
2246,按名责实
2247,重门击柝
2248,莼羹鲈脍
2249,佹得佹失
2250,补阙挂漏
2251,爬罗剔抉
2252,怀铅提椠
2253,菽水承欢
2254,兼权尚计
2255,操奇计赢
2256,贱敛贵出
2257,目别汇分
2258,分茅裂土
2259,裂土分茅
2260,按甲休兵
2261,按甲寝兵
2262,安时处顺
2263,爱素好古
2264,拔来报往
2265,面命耳提
2266,帮闲钻懒
2267,飙发电举
2268,贯朽粟陈
2269,惭凫企鹤
2270,绝甘分少
2271,酣歌恒舞
2272,抵死谩生
2273,不日不月
2274,爱毛反裘
2275,驹窗电逝
2276,白首北面
2277,巴山越岭
2278,撑肠拄腹
2279,乘车戴笠
2280,拔山超海
2281,不偏不党
2282,高睨大谈
2283,攻苦食淡
2284,不丰不杀
2285,室迩人远
2286,哀告宾服
2287,头出头没
2288,饮冰食檗
2289,藏形匿影
2290,称雨道晴
2291,藏踪蹑迹
2292,铄金毁骨
2293,蠹国害民
2294,凭几据杖
2295,洗垢求瘢
2296,寻风捉影
2297,挨肩擦脸
2298,耽惊受怕
2299,践规踏矩
2300,剥肤椎髓
2301,才高气清
2302,鱼跃鸢飞
2303,鸢飞鱼跃
2304,降尊临卑
2305,铿金戛玉
2306,通功易事
2307,绳愆纠谬
2308,摧锋陷坚
2309,搴旗取将
2310,控名责实
2311,酬功给效
2312,才高行厚
2313,声应气求
2314,延颈举踵
2315,蹐地跼天
2316,兼爱无私
2317,守望相助
2318,惬心贵当
2319,昂首伸眉
2320,坐薪悬胆
2321,冲坚毁锐
2322,鸠工庀材
2323,保境息民
2324,挢枉过正
2325,改步改玉
2326,绝少分甘
2327,揽辔澄清
2328,加膝坠渊
2329,长揖不拜
2330,布鼓雷门
2331,春蚓秋蛇
2332,朋党比周
2333,巴高望上
2334,念兹在兹
2335,肉袒面缚
2336,踣地呼天
2337,擂天倒地
2338,拔十得五
2339,起承转合
2340,举鼎绝膑
2341,鸾翔凤翥
2342,枕石漱流
2343,鸾颠凤倒
2344,门到户说
2345,降贵纡尊
2346,一隅三反
2347,惊心悼胆
2348,鱼溃鸟散
2349,澜倒波随
2350,拿班做势
2351,桑枢瓮牖
2352,草薙禽狝
2353,迷花沾草
2354,桑落瓦解
2355,搀前落后
2356,五角六张
2357,先难后获
2358,陈善闭邪
2359,送往事居
2360,齑身粉骨
2361,禁暴诛乱
2362,爱人好士
2363,经文纬武
2364,哀感顽艳
2365,枕流漱石
2366,蔽明塞聪
2367,陋巷箪瓢
2368,神头鬼面
2369,病民害国
2370,锦心绣口
2371,白白朱朱
2372,云合景从
2373,波属云委
2374,钗荆裙布
2375,回船转舵
2376,亡戟得矛
2377,抱蔓摘瓜
2378,龙跳虎卧
2379,天冠地屦
2380,回山倒海
2381,东海扬尘
2382,韬光晦迹
2383,漱石枕流
2384,原始要终
2385,恫疑虚喝
2386,嘘枯吹生
2387,放辟邪侈
2388,安富恤穷
2389,被褐怀玉
2390,丁一确二
2391,寂天寞地
2392,傅粉施朱
2393,拘奇抉异
2394,长目飞耳
2395,熬清守淡
2396,熬清受淡
2397,荡析离居
2398,安贫守道
2399,伶仃孤苦
2400,用行舍藏
2401,火耕水耨
2402,多历年所
2403,刊心刻骨
2404,浪迹萍踪
2405,案兵束甲
2406,捱风缉缝
2407,安富尊荣
2408,承颜候色
2409,了身达命
2410,安常履顺
2411,安老怀少
2412,敬终慎始
2413,半间不界
2414,放牛归马
2415,力尽筋疲
2416,目使颐令
2417,博硕肥腯
2418,庞眉皓发
2419,不当不正
2420,乘坚驱良
2421,拔地倚天
2422,号寒啼饥
2423,车殆马烦
2424,刻肌刻骨
2425,覆雨翻云
2426,含垢藏疾
2427,环肥燕瘦
2428,拔地摇山
2429,镌骨铭心
2430,避世离俗
2431,挨肩叠背
2432,挨肩擦膀
2433,蓬头历齿
2434,捱三顶四
2435,摩肩接毂
2436,槁项黄馘
2437,狐埋狐搰
2438,横行不法
2439,撒娇撒痴
2440,翠消红减
2441,鸦飞雀乱
2442,露餐风宿
2443,飘茵落溷
2444,造次颠沛
2445,鹄形菜色
2446,钻穴逾墙
2447,逾墙钻隙
2448,连车平斗
2449,贵壮贱老
2450,财竭力尽
2451,势合形离
2452,谑浪笑敖
2453,弄鬼掉猴
2454,铺眉苫眼
2455,捐本逐末
2456,一簧两舌
2457,鄙俚浅陋
2458,摧身碎首
2459,褴褛筚路
2460,裘弊金尽
2461,谩天昧地
2462,眠花卧柳
2463,搬斤播两
2464,畏影避迹
2465,词穷理尽
2466,星离雨散
2467,火耕流种
2468,和光同尘
2469,问舍求田
2470,柔茹刚吐
2471,惑世盗名
2472,欺上罔下
2473,附骥攀鳞
2474,摧心剖肝
2475,系风捕影
2476,抱火卧薪
2477,拿粗挟细
2478,敝鼓丧豚
2479,长颈鸟喙
2480,煦煦孑孑
2481,拔葵啖枣
2482,寻行数墨
2483,挟山超海
2484,卖爵鬻官
2485,切齿腐心
2486,不揪不睬
2487,沥胆堕肝
2488,耸壑昂霄
2489,夺胎换骨
2490,暗香疏影
2491,下气怡声
2492,守正不阿
2493,枉尺直寻
2494,神施鬼设
2495,面折廷争
2496,除残去秽
2497,铜头铁额
2498,出世超凡
2499,讷言敏行
2500,裕民足国
2501,换骨夺胎
2502,允文允武
2503,纡青拖紫
2504,吐哺握发
2505,舍旧谋新
2506,献可替否
2507,沉潜刚克
2508,春和景明
2509,呵佛骂祖
2510,发蒙振聩
2511,有死无二
2512,强本节用
2513,安身乐业
2514,守正不挠
2515,炼石补天
2516,深厉浅揭
2517,刻骨镂心
2518,铮铮佼佼
2519,澡身浴德
2520,不识不知
2521,黜衣缩食
2522,屏气敛息
2523,高材疾足
2524,不劣方头
2525,口燥唇干
2526,挨肩并足
2527,排山压卵
2528,敬老慈幼
2529,挨风缉缝
2530,家弦户诵
2531,裁月镂云
2532,安忍无亲
2533,孚尹旁达
2534,房谋杜断
2535,积日累久
2536,五风十雨
2537,晨兴夜寐
2538,瞪目结舌
2539,兔起凫举
2540,马工枚速
2541,大辂椎轮
2542,北门南牙
2543,寒耕热耘
2544,鱼贯雁行
2545,金浆玉液
2546,鸾歌凤舞
2547,龙肝豹胎
2548,猿鹤虫沙
2549,鸾孤凤只
2550,楚尾吴头
2551,花朝月夕
2552,断墨残楮
2553,楚馆秦楼
2554,门生故吏
2555,另楚寒巫
2556,参回斗转
2557,八街九陌
2558,白衣公卿
2559,阖门百口
2560,炮凤烹龙
2561,侯服玉食
2562,层台累榭
2563,沉李浮瓜
2564,长斋绣佛
2565,锦心绣腹
2566,弊车羸马
2567,倡条冶叶
2568,柳户花门
2569,课语讹言
2570,愁红惨绿
2571,余杯冷炙
2572,兔丝燕麦
2573,愁山闷海
2574,糜躯碎首
2575,琴心剑胆
2576,歙漆阿胶
2577,乱头粗服
2578,墙头马上
2579,漏尽更阑
2580,挠腮撧耳
2581,撧耳挠腮
2582,救经引足
2583,玉液金波
2584,昆山片玉
2585,遗簪坠屦
2586,坠茵落溷
2587,盂方水方
2588,芝焚蕙叹
2589,毛发丝粟
2590,土阶茅屋
2591,苍狗白衣
2592,金印紫绶
2593,白草黄云
2594,明效大验
2595,飞鹰走狗
2596,析辩诡辞
2597,三瓦两舍
2598,磕牙料嘴
2599,左图右史
2600,褒衣博带
2601,一家一计
2602,肩摩毂击
2603,鲜车怒马
2604,饭糗茹草
2605,木人石心
2606,驴鸣犬吠
2607,结驷连骑
2608,繁弦急管
2609,半丝半缕
2610,草衣木食
2611,鱼烂土崩
2612,土龙刍狗
2613,垢面蓬头
2614,笼鸟槛猿
2615,礼崩乐坏
2616,蜃楼海市
2617,浆酒霍肉
2618,惨绿愁红
2619,帘窥壁听
2620,一浆十饼
2621,蚕绩蟹匡
2622,鹑居鷇食
2623,谠言直声
2624,笔饱墨酣
2625,跻峰造极
2626,瑶林琼树
2627,比目连枝
2628,春晖寸草
2629,衣香鬓影
2630,累块积苏
2631,剑树刀山
2632,钗横鬓乱
2633,骈四俪六
2634,风前月下
2635,白眉赤眼
2636,粉白黛绿
2637,粉白黛黑
2638,九鼎一丝
2639,分形同气
2640,鬼出电入
2641,被发缨冠
2642,捱三顶五
2643,挨三顶五
2644,鹰视狼步
2645,春冰虎尾
2646,南箕北斗
2647,恣睢无忌
2648,迷魂淫魄
2649,迩安远至
2650,粟红贯朽
2651,柱天踏地
2652,风清月朗
2653,陂湖禀量
2654,挨山塞海
2655,彻首彻尾
2656,鹰瞵鹗视
2657,逐浪随波
2658,金声玉振
2659,一轨同风
2660,强干弱枝
2661,亘古亘今
2662,别鹤孤鸾
2663,黄童白叟
2664,常鳞凡介
2665,騃女痴儿
2666,騃女痴男
2667,薄物细故
2668,寸田尺宅
2669,黄口孺子
2670,百了千当
2671,金城汤池
2672,山肴野蔌
2673,九流三教
2674,舞衫歌扇
2675,爱莫之助
2676,丹凤朝阳
2677,赐墙及肩
2678,容头过身
2679,吠非其主
2680,百巧千穷
2681,倍日并行
2682,得未曾有
2683,吹气胜兰
2684,时绌举赢
2685,实繁有徒
2686,之死靡它
2687,习与性成
2688,一致百虑
2689,蹉跎自误
2690,头上安头
2691,百不当一
2692,毙而后已
2693,乡壁虚造
2694,衣不完采
2695,俯仰由人
2696,食日万钱
2697,箪豆见色
2698,弃之敝屣
2699,噬脐莫及
2700,一日万机
2701,能近取譬
2702,坐不窥堂
2703,难乎为继
2704,难更仆数
2705,变生肘腋
2706,渤澥桑田
2707,一枕槐安
2708,马牛襟裾
2709,百不一存
2710,夜雨对床
2711,寸阴尺璧
2712,柴毁骨立
2713,不宁唯是
2714,宴安鸠毒
2715,百舍重茧
2716,聊复尔耳
2717,百身何赎
2718,哀毁瘠立
2719,驿寄梅花
2720,不足齿数
2721,不知凡几
2722,倒置干戈
2723,不可言宣
2724,倒持泰阿
2725,允执其中
2726,破矩为圆
2727,悔读南华
2728,不因人热
2729,不待蓍龟
2730,谬采虚声
2731,别具只眼
2732,承天之祜
2733,安堵如故
2734,独步天下
2735,明扬侧陋
2736,高步云衢
2737,恭行天罚
2738,窥见一斑
2739,不立文字
2740,不赞一词
2741,必不挠北
2742,不伏烧埋
2743,不失圭撮
2744,裂裳裹足
2745,不安于室
2746,不追既往
2747,不主故常
2748,不可移易
2749,不分轩轾
2750,不齿于人
2751,薏苡明珠
2752,不得不尔
2753,如坐云雾
2754,橛守成规
2755,嚼穿龈血
2756,不耻最后
2757,不避汤火
2758,坐拥百城
2759,博通经籍
2760,大有径庭
2761,不习水土
2762,不舍昼夜
2763,得其所哉
2764,不期修古
2765,不入时宜
2766,遵养时晦
2767,好行小惠
2768,超以象外
2769,全无心肝
2770,詈夷为跖
2771,侜张为幻
2772,别抱琵琶
2773,坐于涂炭
2774,如不胜衣
2775,不法常可
2776,垂名竹帛
2777,别出机杼
2778,筑舍道傍
2779,传闻异辞
2780,聚蚊成雷
2781,惠然肯来
2782,炳如日星
2783,冥行擿埴
2784,加人一等
2785,多歧亡羊
2786,焚林而猎
2787,冬日可爱
2788,反经行权
2789,比物连类
2790,向若而叹
2791,切切私语
2792,优游卒岁
2793,一索得男
2794,高下在心
2795,什袭而藏
2796,烂若披锦
2797,仆仆风尘
2798,倍道而进
2799,矫若惊龙
2800,称薪而爨
2801,执而不化
2802,相惊伯有
2803,白首空归
2804,昂然直入
2805,怆然涕下
2806,以紫乱朱
2807,博而寡要
2808,绸缪帷幄
2809,确乎不拔
2810,昂昂自若
2811,日旰忘餐
2812,掷地金声
2813,揽名责实
2814,赤心相待
2815,冁然而笑
2816,白日绣衣
2817,以一持万
2818,安于一隅
2819,涣然冰释
2820,刻意求工
2821,每饭不忘
2822,降心相从
2823,梦中说梦
2824,牖中窥日
2825,乘伪行诈
2826,膏梁子弟
2827,向壁虚造
2828,向壁虚构
2829,以锥刺地
2830,不恶而严
2831,契若金兰
2832,昂然自若
2833,不言而谕
2834,牙签万轴
2835,十死一生
2836,以狸饵鼠
2837,与世偃仰
2838,曳尾涂中
2839,沉吟不语
2840,恬不为怪
2841,吴市吹箫
2842,先意承志
2843,以辞害意
2844,以莛叩钟
2845,以意逆志
2846,以指挠沸
2847,习焉不察
2848,因风吹火
2849,皓首穷经
2850,折冲尊俎
2851,以古非今
2852,鸡鸣而起
2853,伏而咶天
2854,发愤忘食
2855,口中雌黄
2856,坎井之蛙
2857,骐骥一毛
2858,颊上三毛
2859,马耳东风
2860,狗吠之警
2861,覆车之戒
2862,釜中之鱼
2863,云泥之别
2864,惨绿少年
2865,不次之位
2866,不次之迁
2867,穿窬之盗
2868,锦绣肝肠
2869,耳食之谈
2870,白衣卿相
2871,白衣秀士
2872,破家县令
2873,傥来之物
2874,高足弟子
2875,不讳之门
2876,斗升之水
2877,霜露之悲
2878,霜露之感
2879,林下风范
2880,鲍鱼之肆
2881,北门之管
2882,北门锁钥
2883,方外之人
2884,西窗剪烛
2885,一日之雅
2886,败鼓之皮
2887,八荒之外
2888,磐石之安
2889,无边风月
2890,鱼烂而亡
2891,避世金马
2892,裙屐少年
2893,屋乌之爱
2894,耳食之言
2895,青天霹雳
2896,径情直行
2897,屠龙之技
2898,昌亭旅食
2899,草木愚夫
2900,舟中敌国
2901,尺泽之鲵
2902,不测之忧
2903,不食之地
2904,总角之交
2905,有脚阳春
2906,谢庭兰玉
2907,置水之情
2908,不世之功
2909,柏舟之誓
2910,班功行赏
2911,负薪之忧
2912,累卵之危
2913,泼油救火
2914,楚天云雨
2915,簪缨世胄
2916,驷马高车
2917,幺么小丑
2918,壁间蛇影
2919,都中纸贵
2920,承平盛世
2921,吉光片羽
2922,太仓稊米
2923,一弹指顷
2924,政以贿成
2925,皮里春秋
2926,斗筲之人
2927,喘月吴牛
2928,以沫相濡
2929,不舞之鹤
2930,伴食宰相
2931,处堂燕雀
2932,壶中日月
2933,慧业文人
2934,道边苦李
2935,不祧之祖
2936,道旁苦李
2937,草头天子
2938,斗筲之器
2939,不赏之功
2940,十二金牌
2941,北道主人
2942,鸡虫得失
2943,鸾凤和鸣
2944,蒹葭倚玉
2945,一之谓甚
2946,昏镜重明
2947,鸿飞冥冥
2948,牛骥同皂
2949,剑头一吷
2950,思不出位
2951,昊天罔极
2952,彩凤随鸦
2953,从善如登
2954,盗憎主人
2955,凤凰于飞
2956,韬光养晦
2957,成事不说
2958,计无所出
2959,盎盂相击
2960,盎盂相敲
2961,晨昏定省
2962,潢池弄兵
2963,表里相济
2964,来者可追
2965,美意延年
2966,臣门如市
2967,辩才无碍
2968,鞍马劳倦
2969,妙手空空
2970,戛玉敲金
2971,鸡骨支床
2972,婢作夫人
2973,碍口识羞
2974,气涌如山
2975,安之若命
2976,三豕涉河
2977,脂膏不润
2978,百兽率舞
2979,墓木已拱
2980,巧不可阶
2981,贫贱骄人
2982,笔大如椽
2983,琵琶别抱
2984,货赂公行
2985,声振林木
2986,菩萨低眉
2987,靖言庸违
2988,色胆迷天
2989,函矢相攻
2990,莫予毒也
2991,僵李代桃
2992,夏虫语冰
2993,驽马十驾
2994,自我作故
2995,名标青史
2996,百世不磨
2997,其应若响
2998,聚讼纷纭
2999,旌旗蔽日
3000,赤心报国
3001,六尘不染
3002,赤舌烧城
3003,腹载五车
3004,腹有鳞甲
3005,日不移晷
3006,名高天下
3007,秀出班行
3008,邻女詈人
3009,犬牙相制
3010,面如冠玉
3011,寸阴是惜
3012,精神满腹
3013,喙长三尺
3014,室如悬磬
3015,矮子观场
3016,自贻伊戚
3017,目无余子
3018,人神共愤
3019,樵苏不爨
3020,樵苏失爨
3021,黄钟毁弃
3022,丑态毕露
3023,生发未燥
3024,信赏必罚
3025,夏雨雨人
3026,虚堂悬镜
3027,才望高雅
3028,休休有容
3029,游响停云
3030,春意阑珊
3031,暴躁如雷
3032,器宇轩昂
3033,布帆无恙
3034,天道好还
3035,牛刀割鸡
3036,杯觥交错
3037,彗汜画涂
3038,珠玉在侧
3039,天高听卑
3040,海屋添筹
3041,卵与石斗
3042,合浦珠还
3043,管宁割席
3044,龙血玄黄
3045,祸福倚伏
3046,跖狗吠尧
3047,穷猿奔林
3048,飞鸿印雪
3049,焦熬投石
3050,陵谷沧桑
3051,代马依风
3052,公私两济
3053,文君新寡
3054,千万买邻
3055,车无退表
3056,案牍劳形
3057,长斋礼佛
3058,金貂换酒
3059,口含天宪
3060,鱼龙曼衍
3061,黎庶涂炭
3062,曾参杀人
3063,讹以滋讹
3064,贪夫徇财
3065,香象渡河
3066,吴越同舟
3067,乐不极盘
3068,鬼神不测
3069,门无杂宾
3070,穷鼠啮狸
3071,冯唐易老
3072,丛轻折轴
3073,蚍蜉戴盆
3074,冠履倒易
3075,冠履倒置
3076,白云孤飞
3077,人琴俱亡
3078,里丑捧心
3079,沉灶产蛙
3080,粤犬吠雪
3081,寸指测渊
3082,邹缨齐紫
3083,明月入怀
3084,语出月胁
3085,凤凰来仪
3086,丸泥封关
3087,亥豕相望
3088,兵戈扰攘
3089,葫芦依样
3090,野无遗贤
3091,表里受敌
3092,齿若编贝
3093,兵在其颈
3094,白鱼入舟
3095,黄雀伺蝉
3096,八音遏密
3097,弓影浮杯
3098,播糠眯目
3099,明耻教战
3100,见弹求鸮
3101,临难铸兵
3102,狐死兔泣
3103,摧陷廓清
3104,刮垢磨光
3105,临危致命
3106,临难苟免
3107,举枉措直
3108,聚米为谷
3109,量力度德
3110,节用裕民
3111,横槊赋诗
3112,按辔徐行
3113,格物致知
3114,登山小鲁
3115,杀彘教子
3116,计过自讼
3117,达地知根
3118,激薄停浇
3119,卖剑买琴
3120,含蓼问疾
3121,好问则裕
3122,临池学书
3123,临文不讳
3124,观过知仁
3125,把臂入林
3126,操刀伤锦
3127,传檄而定
3128,辞尊居卑
3129,闭门觅句
3130,刻木为吏
3131,侔色揣称
3132,闭门投辖
3133,徙宅忘妻
3134,挫骨扬灰
3135,下车泣罪
3136,投梭折齿
3137,过化存神
3138,创业垂统
3139,乞浆得酒
3140,披榛采兰
3141,咳唾成珠
3142,驰马试剑
3143,慢藏诲盗
3144,束缊请火
3145,陈力就列
3146,倚马可待
3147,拈花一笑
3148,矜愚饰智
3149,草创未就
3150,摇手触禁
3151,养虺成蛇
3152,牵萝补屋
3153,眄视指使
3154,临财不苟
3155,摆袖却金
3156,扼腕叹息
3157,抽刀断水
3158,开柙出虎
3159,放虎自卫
3160,自拔来归
3161,料敌制胜
3162,爱礼存羊
3163,强聒不舍
3164,美如冠玉
3165,慈明无双
3166,教无常师
3167,恢恢有余
3168,穷大失居
3169,即鹿无虞
3170,举直措枉
3171,春树暮云
3172,天保九如
3173,食毛践土
3174,知来藏往
3175,亟疾苛察
3176,春诵夏弦
3177,凤靡鸾吪
3178,贵阴贱璧
3179,矫情镇物
3180,窜端匿迹
3181,扼吭拊背
3182,钩深致远
3183,当轴处中
3184,流离琐尾
3185,廉远堂高
3186,采葑采菲
3187,惩羹吹齑
3188,地平天成
3189,开物成务
3190,飞刍挽粟
3191,迈古超今
3192,讲信修睦
3193,递胜递负
3194,惠而不费
3195,匡救弥缝
3196,寸木岑楼
3197,竭智尽力
3198,积善余庆
3199,挠曲枉直
3200,称德度功
3201,干名采誉
3202,赏奇析疑
3203,钩章棘句
3204,诘戎治兵
3205,革图易虑
3206,发奸擿伏
3207,居安资深
3208,卷甲倍道
3209,腹诽心谤
3210,德厚流光
3211,拔葵去织
3212,立人达人
3213,持禄养交
3214,怯防勇战
3215,安车蒲轮
3216,奉令承教
3217,安心定志
3218,刚毅木讷
3219,停辛伫苦
3220,画地刻木
3221,修辞立诚
3222,兼弱攻昧
3223,公听并观
3224,狐凭鼠伏
3225,同条共贯
3226,执柯作伐
3227,分香卖履
3228,食少事烦
3229,错彩镂金
3230,屦及剑及
3231,纷红骇绿
3232,抗尘走俗
3233,历井扪天
3234,俯拾仰取
3235,轮焉奂焉
3236,瞋目扼腕
3237,案剑瞋目
3238,裹粮坐甲
3239,惩忿窒欲
3240,胆大心雄
3241,云谲波诡
3242,停云落月
3243,微文深诋
3244,饰智矜愚
3245,色仁行违
3246,收成弃败
3247,赁耳佣目
3248,瞰瑕伺隙
3249,撅坑撅堑
3250,蠖屈不伸
3251,呵壁问天
3252,肤末支离
3253,屙金溺银
3254,多藏厚亡
3255,乘肥衣轻
3256,卑谄足恭
3257,暗气暗恼
3258,左萦右拂
3259,醉酒饱德
3260,隐鳞藏彩
3261,顺美匡恶
3262,前歌后舞
3263,鸣野食苹
3264,明刑弼教
3265,昧旦晨兴
3266,览闻辩见
3267,敛锷韬光
3268,埒才角妙
3269,稽疑送难
3270,肌劈理解
3271,经邦论道
3272,晦迹韬光
3273,诃佛骂祖
3274,番窠倒臼
3275,谛分审布
3276,敕始毖终
3277,舂容大雅
3278,博文约礼
3279,戴圆履方
3280,举一废百
3281,公才公望
3282,高掌远蹠
3283,食玉炊桂
3284,附肤落毛
3285,肉薄骨并
3286,鼎鱼幕燕
3287,一喷一醒
3288,犁庭扫穴
3289,肯堂肯构
3290,两面二舌
3291,利锁名缰
3292,蛙鸣蝉噪
3293,鸿稀鳞绝
3294,进旅退旅
3295,经明行修
3296,成己成物
3297,秉要执本
3298,底死谩生
3299,率尔操觚
3300,兰质薰心
3301,吹唇唱吼
3302,知我罪我
3303,阴疑阳战
3304,陨雹飞霜
3305,上好下甚
3306,三般两样
3307,求田问舍
3308,撩云拨雨
3309,狼心狗行
3310,范水模山
3311,豹头环眼
3312,补阙灯檠
3313,薄唇轻言
3314,煮粥焚须
3315,朝斯夕斯
3316,左辅右弼
3317,鉴机识变
3318,爱人利物
3319,困知勉行
3320,煎豆摘瓜
3321,铸山煮海
3322,不忮不求
3323,泓峥萧瑟
3324,小受大走
3325,体国经野
3326,朝穿暮塞
3327,刃迎缕解
3328,流行坎止
3329,星行电征
3330,天覆地载
3331,风樯阵马
3332,持衡拥璇
3333,蝉腹龟肠
3334,搜岩采干
3335,无咎无誉
3336,同文共轨
3337,浑俗和光
3338,处高临深
3339,夸多斗靡
3340,肝胆楚越
3341,内视反听
3342,克己复礼
3343,耳视目听
3344,言扬行举
3345,齐家治国
3346,近悦远来
3347,栋折榱崩
3348,进锐退速
3349,安贫乐贱
3350,悼心失图
3351,披毛戴角
3352,厚德载物
3353,凫胫鹤膝
3354,敬业乐群
3355,饥附饱飏
3356,攘往熙来
3357,砭庸针俗
3358,束马悬车
3359,剑及屦及
3360,纯一不杂
3361,风清弊绝
3362,馔玉炊金
3363,鬼烂神焦
3364,船坚炮利
3365,铜琶铁板
3366,蜂屯蚁聚
3367,概日凌云
3368,虎卧龙跳
3369,不今不古
3370,蔽日干云
3371,极天际地
3372,明目达聪
3373,轻裘缓带
3374,含哺鼓腹
3375,头童齿豁
3376,凝脂点漆
3377,不夷不惠
3378,粗服乱头
3379,仰取俯拾
3380,昏定晨省
3381,款学寡闻
3382,知雄守雌
3383,印累绶若
3384,游骑无归
3385,凶终隙末
3386,胁肩累足
3387,畏威怀德
3388,无拳无勇
3389,诗书发冢
3390,舍己芸人
3391,浅斟低唱
3392,禽息鸟视
3393,卖笑追欢
3394,偭规错矩
3395,狼贪鼠窃
3396,论黄数黑
3397,谏尸谤屠
3398,禁情割欲
3399,角户分门
3400,丰取刻与
3401,惙怛伤悴
3402,暴内陵外
3403,暗弱无断
3404,蕙心纨质
3405,凿饮耕食
3406,朝华夕秀
3407,折槁振落
3408,悦近来远
3409,由博返约
3410,兴灭继绝
3411,衔华佩实
3412,无偏无党
3413,推燥居湿
3414,扇枕温席
3415,千仓万箱
3416,匿瑕含垢
3417,明明赫赫
3418,觉人觉世
3419,粲然可观
3420,缠绵蕴藉
3421,除奸革弊
3422,材高知深
3423,昂霄耸壑
3424,鹤发鸡皮
3425,露才扬己
3426,桑弧蓬矢
3427,达权通变
3428,全受全归
3429,服牛乘马
3430,无旧无新
3431,凤泊鸾飘
3432,七死八活
3433,满坑满谷
3434,抽抽噎噎
3435,蝶恋蜂狂
3436,口沸目赤
3437,胡天胡帝
3438,匣剑帷灯
3439,进退出处
3440,金石丝竹
3441,旁行斜上
3442,龙驹凤雏
3443,丽藻春葩
3444,土壤细流
3445,败鳞残甲
3446,东劳西燕
3447,祸枣灾梨
3448,陆海潘江
3449,浮云朝露
3450,金声玉润
3451,虫沙猿鹤
3452,鸾交凤友
3453,兰薰桂馥
3454,孤雏腐鼠
3455,虫臂鼠肝
3456,虎尾春冰
3457,日月参辰
3458,残膏剩馥
3459,良金美玉
3460,高岸深谷
3461,阑风长雨
3462,鹭朋鸥侣
3463,齿牙余论
3464,岗头泽底
3465,风云月露
3466,金玉锦绣
3467,爱别离苦
3468,桑间濮上
3469,民胞物与
3470,弟男子侄
3471,抱法处势
3472,抱关击柝
3473,钿合金钗
3474,金友玉昆
3475,金口木舌
3476,箕风毕雨
3477,安室利处
3478,刻雾裁风
3479,楚水吴山
3480,瑰意琦行
3481,流风余韵
3482,谷父蚕母
3483,六韬三略
3484,缝衣浅带
3485,斗酒只鸡
3486,梵册贝叶
3487,圆颅方趾
3488,众人国士
3489,寸地尺天
3490,黄钟大吕
3491,哀丝豪竹
3492,村酒野蔬
3493,碧落黄泉
3494,闺英闱秀
3495,屦贱踊贵
3496,急景凋年
3497,郢书燕说
3498,丝恩发怨
3499,瘠牛羸豚
3500,槛花笼鹤
3501,酒病花愁
3502,豁口截舌
3503,秽德垢行
3504,宫邻金虎
3505,愁肠殢酒
3506,苞苴竿牍
3507,竹苞松茂
3508,嵩生岳降
3509,南金东箭
3510,尻轮神马
3511,己饥己溺
3512,闳识孤怀
3513,河奔海聚
3514,北辰星拱
3515,举例发凡
3516,强死强活
3517,乘时乘势
3518,今月古月
3519,素车白马
3520,修齐治平
3521,郊寒岛瘦
3522,青林黑塞
3523,枯木死灰
3524,名缰利锁
3525,马角乌头
3526,岛瘦郊寒
3527,情恕理遣
3528,引车卖浆
3529,内圣外王
3530,角巾私第
3531,方趾圆颅
3532,红情绿意
3533,茧丝牛毛
3534,蛾眉螓首
3535,金相玉质
3536,疾风迅雷
3537,越凫楚乙
3538,阴凝冰坚
3539,鸢肩豺目
3540,悬疣附赘
3541,蜩螗沸羹
3542,陶犬瓦鸡
3543,鼠牙雀角
3544,鼠肝虫臂
3545,秋荼密网
3546,雀角鼠牙
3547,末学肤受
3548,没颠没倒
3549,琨玉秋霜
3550,浇风薄俗
3551,仙露明珠
3552,烛照数计
3553,朝经暮史
3554,月地云阶
3555,生众食寡
3556,螓首蛾眉
3557,轨物范世
3558,导德齐礼
3559,春露秋霜
3560,春风沂水
3561,春风和气
3562,伯埙仲篪
3563,金风玉露
3564,茅茨土阶
3565,龙章凤姿
3566,河目海口
3567,鹰拿雁捉
3568,春生秋杀
3569,灰心槁形
3570,丰亨豫大
3571,多端寡要
3572,蝉喘雷干
3573,斗转参横
3574,方领矩步
3575,怪力乱神
3576,出口入耳
3577,蜚瓦拔木
3578,沈腰潘鬓
3579,袂云汗雨
3580,愁眉啼妆
3581,鸱目虎吻
3582,焦金流石
3583,被山带河
3584,甑尘釜鱼
3585,一傅众咻
3586,鸟面鹄形
3587,羹藜含糗
3588,眈眈逐逐
3589,鬓乱钗横
3590,饮水曲肱
3591,一树百获
3592,考绩幽明
3593,际地蟠天
3594,毂击肩摩
3595,君臣佐使
3596,闳中肆外
3597,噩噩浑浑
3598,蜂目豺声
3599,让枣推梨
3600,草长莺飞
3601,别风淮雨
3602,伯歌季舞
3603,徊肠伤气
3604,饕口馋舌
3605,藏怒宿怨
3606,骈拇枝指
3607,麟角凤距
3608,稷蜂社鼠
3609,东箭南金
3610,佳儿佳妇
3611,钜学鸿生
3612,白璧青蝇
3613,钧天广乐
3614,白旄黄钺
3615,茅屋采椽
3616,荆棘铜驼
3617,云悲海思
3618,朽戈钝甲
3619,顽父嚚母
3620,迁臣逐客
3621,春蛙秋蝉
3622,秕言谬说
3623,凤表龙姿
3624,声色货利
3625,騃童钝夫
3626,三班六房
3627,非异人任
3628,又弱一个
3629,买田阳羡
3630,将夺固与
3631,老蚌珠胎
3632,充类至尽
3633,撮土焚香
3634,触目如故
3635,悉索敝赋
3636,躬逢其盛
3637,对床夜雨
3638,恶不去善
3639,富面百城
3640,谈笑封侯
3641,门不停宾
3642,比物此志
3643,遇人不淑
3644,一麾出守
3645,室怒市色
3646,俟河之清
3647,日中必彗
3648,人自为战
3649,辨物居方
3650,使羊将狼
3651,穷而后工
3652,风行水上
3653,率兽食人
3654,宝珠市饼
3655,同功一体
3656,褚小怀大
3657,坐不重席
3658,贻厥孙谋
3659,算无遗策
3660,食辨劳薪
3661,书缺有间
3662,象齿焚身
3663,曲终奏雅
3664,寸步千里
3665,麦穗两歧
3666,一谦四益
3667,少成若性
3668,物离乡贵
3669,百不获一
3670,三占从二
3671,天工人代
3672,人头畜鸣
3673,道存目击
3674,仅以身免
3675,为虺弗摧
3676,请自隗始
3677,和而不同
3678,履霜坚冰
3679,哀哀父母
3680,我见犹怜
3681,铜驼荆棘
3682,甘棠遗爱
3683,作如是观
3684,击楫中流
3685,不无小补
3686,解民倒悬
3687,厕足其间
3688,大吹法螺
3689,靡有孑遗
3690,拟非其伦
3691,光复旧物
3692,奉行故事
3693,出入人罪
3694,恍如梦寐
3695,称家有无
3696,实逼处此
3697,不置褒贬
3698,击节叹赏
3699,蒿目时艰
3700,击碎唾壶
3701,不废江河
3702,不可端倪
3703,颠倒衣裳
3704,蠹居棋处
3705,如狼牧羊
3706,拜恩私室
3707,投畀豺虎
3708,游戏三昧
3709,砥砺名节
3710,不遗寸长
3711,避让贤路
3712,梦笔生花
3713,看人眉睫
3714,如解倒悬
3715,刻画无盐
3716,教猱升木
3717,砺带河山
3718,臧否人物
3719,敬恭桑梓
3720,精贯白日
3721,缠绵床褥
3722,利用厚生
3723,羌无故实
3724,不可揆度
3725,错认颜标
3726,察见渊鱼
3727,罢黜百家
3728,不轻然诺
3729,压倒元白
3730,妙绝时人
3731,尽入彀中
3732,不求闻达
3733,见豕负涂
3734,减师半德
3735,讽一劝百
3736,鹤唳华亭
3737,一瓣心香
3738,大笔如椽
3739,不觉技痒
3740,云起龙骧
3741,凤鸣朝阳
3742,韫椟而藏
3743,从风而服
3744,绸缪束薪
3745,曳裾王门
3746,及锋而试
3747,千里一曲
3748,轻举远游
3749,临事而惧
3750,乐而不淫
3751,机变如神
3752,掩口胡卢
3753,非意相干
3754,垂拱而治
3755,重足而立
3756,列鼎而食
3757,岿然独存
3758,绝裾而去
3759,抵掌而谈
3760,奋袂而起
3761,拳拳服膺
3762,不可向迩
3763,因缘为市
3764,问诸水滨
3765,数米而炊
3766,残民以逞
3767,蹙蹙靡骋
3768,傲睨得志
3769,小时了了
3770,十年磨剑
3771,生聚教训
3772,谦尊而光
3773,迥不犹人
3774,勃然奋励
3775,百龄眉寿
3776,爱如珍宝
3777,颠毛种种
3778,好整以暇
3779,翩若惊鸿
3780,衡阳雁断
3781,土木形骸
3782,沧海遗珠
3783,神而明之
3784,金谷酒数
3785,聊以解嘲
3786,澈底澄清
3787,溘先朝露
3788,骋嗜奔欲
3789,明德惟馨
3790,笑比河清
3791,新亭对泣
3792,釜中生鱼
3793,凛若冰霜
3794,火然泉达
3795,机杼一家
3796,蹄间三寻
3797,栗栗危惧
3798,优游不断
3799,以杀去杀
3800,以升量石
3801,以利累形
3802,于今为烈
3803,饮冰内热
3804,因难见巧
3805,胸中甲兵
3806,相视莫逆
3807,学老于年
3808,匣里龙吟
3809,逶迤退食
3810,铁中铮铮
3811,慎身修永
3812,存心养性
3813,防意如城
3814,欢若平生
3815,不腆之仪
3816,二分明月
3817,不虞之誉
3818,华亭鹤唳
3819,今昔之感
3820,来日大难
3821,桂林一枝
3822,百里之才
3823,刍荛之言
3824,北宫婴儿
3825,前度刘郎
3826,药石之言
3827,蒲柳之姿
3828,南面百城
3829,地上天宫
3830,鲁殿灵光
3831,千金市骨
3832,匪石之心
3833,尺寸之柄
3834,破桐之叶
3835,一狐之腋
3836,摽梅之年
3837,药笼中物
3838,泉石膏肓
3839,伐性之斧
3840,牛角书生
3841,门墙桃李
3842,掎角之势
3843,秦庭之哭
3844,田父之功
3845,百年之柄
3846,顾曲周郎
3847,长夜之饮
3848,此中三昧
3849,白首相知
3850,傅粉何郎
3851,城北徐公
3852,虫鱼之学
3853,齐烟九点
3854,门闾之望
3855,过庭之训
3856,履霜之戒
3857,百代过客
3858,六尺之孤
3859,兵车之会
3860,记问之学
3861,断烂朝报
3862,北风之恋
3863,故宫禾黍
3864,蛙蟆胜负
3865,高牙大纛
3866,诗礼之训
3867,寒泉之思
3868,向平之愿
3869,青州从事
3870,白华之怨
3871,案牍之劳
3872,令原之戚
3873,畴咨之忧
3874,浸润之谮
3875,名山事业
3876,断头将军
3877,毛发之功
3878,嗜痂之癖
3879,鸿渐之仪
3880,亿万斯年
3881,口耳之学
3882,吴下阿蒙
3883,梧鼠五技
3884,瓮里醯鸡
3885,穷途之哭
3886,出山泉水
3887,奔走之友
3888,不易之典
3889,逋逃之臣
3890,百舌之声
3891,抱冰公事
3892,暗室求物
3893,充闾之庆
3894,云树之思
3895,羲皇上人
3896,素丝羔羊
3897,犬马之养
3898,岂弟君子
3899,绝妙好辞
3900,齿牙春色
3901,传神阿堵
3902,车笠之盟
3903,青山一发
3904,一壶千金
3905,落月屋梁
3906,造化小儿
3907,长安道上
3908,秋水伊人
3909,烟霞痼疾
3910,侏儒一节
3911,求全之毁
3912,中流一壶
3913,矫矫不群
3914,作舍道边
3915,钻皮出羽
3916,禾黍故宫
3917,隐若敌国
3918,风不鸣条
3919,仓卒主人
3920,锦瑟华年
3921,赤壁鏖兵
3922,读书种子
3923,天上麒麟
3924,鹤鸣之士
3925,春秋笔法
3926,长安棋局
3927,道傍之筑
3928,不栉进士
3929,哲人其萎
3930,泰山其颓
3931,丁公凿井
3932,桴鼓相应
3933,蓬生麻中
3934,河山带砺
3935,孤犊触乳
3936,长绳系日
3937,甘雨随车
3938,口吻生花
3939,信及豚鱼
3940,剑戟森森
3941,密云不雨
3942,变化如神
3943,四海承风
3944,鸡犬相闻
3945,口吐珠玑
3946,祸不旋踵
3947,哀感天地
3948,一行作吏
3949,燕巢于幕
3950,事不师古
3951,倦尾赤色
3952,俭不中礼
3953,悲愁垂涕
3954,奥援有灵
3955,手足胼胝
3956,十鼠同穴
3957,三年化碧
3958,松柏后凋
3959,穆如清风
3960,惊才风逸
3961,和气致祥
3962,河清难俟
3963,群雌粥粥
3964,龟玉毁椟
3965,好语似珠
3966,万象森罗
3967,旱魃为虐
3968,六马仰秣
3969,玉毁椟中
3970,鄙吝复萌
3971,薄寒中人
3972,梨花带雨
3973,妖由人兴
3974,膏火自煎
3975,芳兰竟体
3976,游目骋怀
3977,乃心王室
3978,辉光日新
3979,一身两役
3980,白虹贯日
3981,冰雪聪明
3982,遭家不造
3983,行若狗彘
3984,乌焉成马
3985,磨盘两圆
3986,骏骨牵盐
3987,峻阪盐车
3988,病骨支离
3989,智周万物
3990,铸剑为犁
3991,日月入怀
3992,圭璋特达
3993,材能兼备
3994,蜗角虚名
3995,裘马清狂
3996,二惠竞爽
3997,片言折狱
3998,计将安出
3999,尺寸可取
4000,吕安题凤
4001,良禽择木
4002,金翅擘海
4003,枯杨生稊
4004,羚羊挂角
4005,家无儋石
4006,兰桂齐芳
4007,黄杨厄闰
4008,鹿走苏台
4009,酒有别肠
4010,酒食征逐
4011,杞宋无征
4012,百堵皆作
4013,白驹空谷
4014,佳兵不祥
4015,将门有将
4016,稼穑艰难
4017,假誉驰声
4018,计出无聊
4019,犀牛望月
4020,履舄交错
4021,草木知威
4022,美女簪花
4023,灌夫骂座
4024,临潼斗宝
4025,文章憎命
4026,骑者善堕
4027,青蝇点素
4028,穷鸟入怀
4029,邦国殄瘁
4030,败材伤锦
4031,朝阳鸣凤
4032,闾阎安堵
4033,粒米狼戾
4034,鹘入鸦群
4035,昌言无忌
4036,案无留牍
4037,渴骥奔泉
4038,韩卢逐块
4039,鸱鸦嗜鼠
4040,野人奏曝
4041,飞熊入梦
4042,晨光熹微
4043,鸿鹄将至
4044,金钗换酒
4045,澄江如练
4046,枯鱼衔索
4047,八音迭奏
4048,万签插架
4049,惊蛇入草
4050,亢龙有悔
4051,臭肉来蝇
4052,哀梨蒸食
4053,紫气东来
4054,月明千里
4055,刘毅答诏
4056,灸艾分痛
4057,貂裘换酒
4058,苌弘化碧
4059,伯玉知非
4060,肉食者鄙
4061,贡禹弹冠
4062,玉卮无当
4063,肩背难望
4064,达官知命
4065,止戈为武
4066,蜂虿有毒
4067,折戟沉沙
4068,一鸣惊人
4069,得意忘形
4070,沾沾自喜
4071,不寒而栗
4072,老当益壮
4073,穷凶极恶
4074,死灰复燃
4075,夜郎自大
4076,见利忘义
4077,多多益善
4078,独当一面
4079,必恭必敬
4080,破釜沉舟
4081,后来居上
4082,高风亮节
4083,非驴非马
4084,两相情愿
4085,大喜过望
4086,师出有名
4087,摧枯拉朽
4088,心腹之患
4089,安居乐业
4090,一举两得
4091,百发百中
4092,得心应手
4093,起死回生
4094,见异思迁
4095,评头品足
4096,外强中干
4097,日暮途穷
4098,有备无患
4099,有名无实
4100,唇亡齿寒
4101,临危不惧
4102,倒行逆施
4103,幸灾乐祸
4104,两袖清风
4105,前功尽弃
4106,毛遂自荐
4107,易如反掌
4108,物以类聚
4109,明察秋毫
4110,乐极生悲
4111,出奇制胜
4112,滥竽充数
4113,青云直上
4114,出尔反尔
4115,负荆请罪
4116,不翼而飞
4117,一毛不拔
4118,水深火热
4119,曲高和寡
4120,九死一生
4121,墨守成规
4122,纸上谈兵
4123,同流合污
4124,每况愈下
4125,四分五裂
4126,旁若无人
4127,狐假虎威
4128,花言巧语
4129,脚踏实地
4130,半路出家
4131,胸有成竹
4132,明目张胆
4133,口蜜腹剑
4134,走马观花
4135,司空见惯
4136,双管齐下
4137,患难之交
4138,笑里藏刀
4139,大材小用
4140,道听途说
4141,对牛弹琴
4142,不耻下问
4143,乘风破浪
4144,一筹莫展
4145,黑白分明
4146,逼上梁山
4147,迫不得已
4148,沧海一粟
4149,出人头地
4150,孤注一掷
4151,出类拔萃
4152,安然无恙
4153,揭竿而起
4154,捷足先登
4155,得过且过
4156,囫囵吞枣
4157,痴人说梦
4158,忍辱负重
4159,三顾茅庐
4160,弄假成真
4161,如鱼得水
4162,初出茅庐
4163,死不瞑目
4164,赤膊上阵
4165,不识时务
4166,半途而废
4167,力不从心
4168,望尘莫及
4169,入木三分
4170,老生常谈
4171,不知所云
4172,嫁祸于人
4173,刮目相看
4174,视死如归
4175,抱残守缺
4176,死有余辜
4177,义无反顾
4178,背水一战
4179,势如破竹
4180,暗度陈仓
4181,先发制人
4182,大逆不道
4183,一败涂地
4184,出言不逊
4185,各得其所
4186,姗姗来迟
4187,赴汤蹈火
4188,一诺千金
4189,师出无名
4190,声东击西
4191,画蛇添足
4192,枯木逢春
4193,画饼充饥
4194,口若悬河
4195,信口雌黄
4196,杯弓蛇影
4197,管中窥豹
4198,华而不实
4199,不卑不亢
4200,按兵不动
4201,按图索骥
4202,如释重负
4203,尽善尽美
4204,畏首畏尾
4205,言不由衷
4206,唯利是图
4207,秦晋之好
4208,藏垢纳污
4209,叶公好龙
4210,名列前茅
4211,从善如流
4212,退避三舍
4213,困兽犹斗
4214,尔虞我诈
4215,丧家之犬
4216,三令五申
4217,断章取义
4218,门庭若市
4219,一朝一夕
4220,高枕无忧
4221,事半功倍
4222,自相矛盾
4223,名落孙山
4224,不学无术
4225,刚正不阿
4226,节外生枝
4227,名正言顺
4228,覆水难收
4229,人杰地灵
4230,目不识丁
4231,机不可失
4232,飞黄腾达
4233,如愿以偿
4234,班门弄斧
4235,塞翁失马
4236,画龙点睛
4237,情投意合
4238,后顾之忧
4239,谈虎色变
4240,巧取豪夺
4241,一笔勾销
4242,一箭双雕
4243,过河拆桥
4244,利令智昏
4245,朝三暮四
4246,开天辟地
4247,掩耳盗铃
4248,守株待兔
4249,揠苗助长
4250,防患未然
4251,不可多得
4252,大器晚成
4253,势不两立
4254,巢毁卵破
4255,先见之明
4256,巧夺天工
4257,不胫而走
4258,百折不挠
4259,投笔从戎
4260,乐不可支
4261,东山再起
4262,不求甚解
4263,一往情深
4264,世外桃源
4265,言过其实
4266,手不释卷
4267,惊天动地
4268,劳而无功
4269,出口成章
4270,神机妙算
4271,不相上下
4272,口是心非
4273,目空一切
4274,异口同声
4275,轻而易举
4276,诚心诚意
4277,大模大样
4278,杀气腾腾
4279,前呼后拥
4280,痴心妄想
4281,死心塌地
4282,涂脂抹粉
4283,不平则鸣
4284,山穷水尽
4285,水涨船高
4286,苦尽甘来
4287,一视同仁
4288,饱经风霜
4289,摇旗呐喊
4290,寸步难行
4291,摇头摆尾
4292,四平八稳
4293,落花流水
4294,措手不及
4295,默默无闻
4296,三长两短
4297,生吞活剥
4298,插翅难飞
4299,穿针引线
4300,别出心裁
4301,见风使舵
4302,战战兢兢
4303,头重脚轻
4304,妙不可言
4305,七手八脚
4306,美不胜收
4307,鞭长莫及
4308,人云亦云
4309,谋财害命
4310,千言万语
4311,三思而行
4312,弱肉强食
4313,触景生情
4314,骄兵必败
4315,喧宾夺主
4316,本性难移
4317,任重道远
4318,锦上添花
4319,谢天谢地
4320,青黄不接
4321,喋喋不休
4322,说长道短
4323,高谈阔论
4324,谈笑风生
4325,滔滔不绝
4326,乘人之危
4327,以毒攻毒
4328,强词夺理
4329,食古不化
4330,波澜壮阔
4331,对症下药
4332,茅塞顿开
4333,称心如意
4334,光明磊落
4335,显而易见
4336,天翻地覆
4337,另起炉灶
4338,东张西望
4339,大煞风景
4340,吹毛求疵
4341,单刀直入
4342,捕风捉影
4343,咬文嚼字
4344,孤芳自赏
4345,一言九鼎
4346,扶摇直上
4347,破涕为笑
4348,避重就轻
4349,爱财如命
4350,单枪匹马
4351,无可奈何
4352,溜之大吉
4353,齐心协力
4354,左右开弓
4355,假仁假义
4356,同甘共苦
4357,一刀两断
4358,顾影自怜
4359,一目了然
4360,送旧迎新
4361,舍己为人
4362,一泻千里
4363,一成不变
4364,一网打尽
4365,满载而归
4366,足智多谋
4367,斩钉截铁
4368,照本宣科
4369,面不改色
4370,返老还童
4371,不劳而获
4372,一目十行
4373,殊途同归
4374,登峰造极
4375,宁死不屈
4376,百年大计
4377,集思广益
4378,张冠李戴
4379,长驱直入
4380,一鼓作气
4381,无能为力
4382,不毛之地
4383,横行霸道
4384,见机行事
4385,正中下怀
4386,随机应变
4387,明明白白
4388,虚情假意
4389,至高无上
4390,五光十色
4391,苦心经营
4392,欢天喜地
4393,身败名裂
4394,一字千金
4395,饥不择食
4396,千载难逢
4397,念念不忘
4398,源远流长
4399,顶天立地
4400,形形色色
4401,无所适从
4402,片甲不留
4403,非同小可
4404,万无一失
4405,铤而走险
4406,唠唠叨叨
4407,兴师动众
4408,求之不得
4409,绰绰有余
4410,祸不单行
4411,拖泥带水
4412,人仰马翻
4413,臭味相投
4414,积少成多
4415,兴风作浪
4416,借题发挥
4417,改头换面
4418,因势利导
4419,无中生有
4420,天花乱坠
4421,小题大作
4422,大惊小怪
4423,虚张声势
4424,和盘托出
4425,一团和气
4426,人财两空
4427,瞻前顾后
4428,面面相觑
4429,颠三倒四
4430,养尊处优
4431,放任自流
4432,背井离乡
4433,四通八达
4434,望洋兴叹
4435,不屈不挠
4436,寸步不离
4437,切肤之痛
4438,正大光明
4439,迫不及待
4440,十拿九稳
4441,众口难调
4442,势不可当
4443,不可收拾
4444,独出心裁
4445,不可思议
4446,一丝不挂
4447,身不由己
4448,虎头蛇尾
4449,三言两语
4450,左右为难
4451,迫在眉睫
4452,赫赫有名
4453,举足轻重
4454,扬眉吐气
4455,贪得无厌
4456,其貌不扬
4457,不露锋芒
4458,成人之美
4459,别开生面
4460,人面兽心
4461,想入非非
4462,左右逢源
4463,举目无亲
4464,心心相印
4465,人浮于事
4466,大有作为
4467,少年老成
4468,做贼心虚
4469,问心无愧
4470,改邪归正
4471,有头无尾
4472,喜从天降
4473,不谋而合
4474,摇摇欲坠
4475,千钧一发
4476,半信半疑
4477,斤斤计较
4478,背道而驰
4479,理所当然
4480,出生入死
4481,卑躬屈膝
4482,咬牙切齿
4483,一孔之见
4484,左顾右盼
4485,从长计议
4486,得不偿失
4487,藏头露尾
4488,目中无人
4489,进退两难
4490,时来运转
4491,望眼欲穿
4492,百战百胜
4493,鬼头鬼脑
4494,同病相怜
4495,心直口快
4496,弃暗投明
4497,丢三落四
4498,强人所难
4499,随波逐流
4500,按部就班
4501,步人后尘
4502,袖手旁观
4503,远走高飞
4504,能屈能伸
4505,同归于尽
4506,一见如故
4507,根深蒂固
4508,土崩瓦解
4509,神通广大
4510,千头万绪
4511,不可一世
4512,先斩后奏
4513,草木皆兵
4514,千变万化
4515,死里逃生
4516,空空如也
4517,头头是道
4518,妙手回春
4519,细水长流
4520,随声附和
4521,两全其美
4522,飞沙走石
4523,裹足不前
4524,垂头丧气
4525,水落石出
4526,两面三刀
4527,标新立异
4528,不拘一格
4529,死得其所
4530,棋逢对手
4531,名不虚传
4532,相依为命
4533,大刀阔斧
4534,当机立断
4535,自欺欺人
4536,白日做梦
4537,岂有此理
4538,斩草除根
4539,量体裁衣
4540,手到病除
4541,粗枝大叶
4542,礼尚往来
4543,呼风唤雨
4544,心满意足
4545,精益求精
4546,兵荒马乱
4547,胡作非为
4548,宽宏大量
4549,开门见山
4550,狭路相逢
4551,历历在目
4552,里应外合
4553,蛛丝马迹
4554,充耳不闻
4555,视而不见
4556,纠缠不清
4557,志同道合
4558,小心翼翼
4559,投其所好
4560,雷厉风行
4561,继往开来
4562,不堪入耳
4563,祸从口出
4564,白手起家
4565,花好月圆
4566,忘恩负义
4567,恩将仇报
4568,鸟语花香
4569,引人入胜
4570,马到成功
4571,旁敲侧击
4572,首当其冲
4573,心不在焉
4574,有声有色
4575,一窍不通
4576,名不副实
4577,绝处逢生
4578,高不可攀
4579,货真价实
4580,望而生畏
4581,手到擒来
4582,水泄不通
4583,不攻自破
4584,为富不仁
4585,依依不舍
4586,迎刃而解
4587,实事求是
4588,饥寒交迫
4589,喜出望外
4590,平起平坐
4591,一尘不染
4592,不在话下
4593,不近人情
4594,不足为奇
4595,空前绝后
4596,变化无常
4597,所向无敌
4598,神魂颠倒
4599,难解难分
4600,同舟共济
4601,谈何容易
4602,走投无路
4603,一步登天
4604,一路货色
4605,气味相投
4606,称王称霸
4607,麻木不仁
4608,满面春风
4609,眼花缭乱
4610,腹背受敌
4611,七上八下
4612,百孔千疮
4613,装模作样
4614,唯唯诺诺
4615,高人一等
4616,有口无心
4617,赤手空拳
4618,推心置腹
4619,大吹大擂
4620,打退堂鼓
4621,顾此失彼
4622,面面俱到
4623,不可救药
4624,危在旦夕
4625,粉墨登场
4626,弱不禁风
4627,胆小如鼠
4628,亲密无间
4629,泾渭分明
4630,明火执仗
4631,任人唯贤
4632,出头露面
4633,神出鬼没
4634,神不守舍
4635,有机可乘
4636,燃眉之急
4637,满腹经纶
4638,含糊其辞
4639,悲喜交集
4640,销声匿迹
4641,乱七八糟
4642,不分彼此
4643,千篇一律
4644,百花齐放
4645,目不转睛
4646,来者不拒
4647,好高骛远
4648,与人为善
4649,格格不入
4650,大快人心
4651,苦口婆心
4652,轻描淡写
4653,五体投地
4654,操之过急
4655,日积月累
4656,半推半就
4657,不知轻重
4658,安分守己
4659,百里挑一
4660,一日千里
4661,背信弃义
4662,万紫千红
4663,莫名其妙
4664,狐群狗党
4665,天作之合
4666,美中不足
4667,呆头呆脑
4668,无稽之谈
4669,以貌取人
4670,大失所望
4671,老马识途
4672,骇人听闻
4673,家徒四壁
4674,安如泰山
4675,不拘小节
4676,旗鼓相当
4677,明珠暗投
4678,异曲同工
4679,如胶似漆
4680,九牛一毛
4681,首鼠两端
4682,百川归海
4683,管窥蠡测
4684,凿壁偷光
4685,改过自新
4686,论功行赏
4687,从天而降
4688,发指眦裂
4689,疾恶如仇
4690,呆若木鸡
4691,攀龙附凤
4692,指鹿为马
4693,鸿鹄之志
4694,强弩之末
4695,好大喜功
4696,金屋藏娇
4697,噤若寒蝉
4698,门可罗雀
4699,草菅人命
4700,不名一钱
4701,尸位素餐
4702,防微杜渐
4703,叱咤风云
4704,立锥之地
4705,取而代之
4706,交头接耳
4707,如坐针毡
4708,鹿死谁手
4709,拾人牙慧
4710,侃侃而谈
4711,兔死狗烹
4712,众志成城
4713,城下之盟
4714,讳莫如深
4715,包藏祸心
4716,病入膏肓
4717,不辨菽麦
4718,后悔莫及
4719,临渴掘井
4720,东施效颦
4721,马首是瞻
4722,疲于奔命
4723,狼子野心
4724,杞人忧天
4725,刚愎自用
4726,竭泽而渔
4727,结草衔环
4728,居安思危
4729,捉襟见肘
4730,卧薪尝胆
4731,骄奢淫逸
4732,众叛亲离
4733,举棋不定
4734,大义灭亲
4735,百步穿杨
4736,亡羊补牢
4737,游刃有余
4738,鹏程万里
4739,一曝十寒
4740,南辕北辙
4741,奉公守法
4742,邯郸学步
4743,怒发冲冠
4744,旷日持久
4745,缘木求鱼
4746,抱薪救火
4747,刻舟求剑
4748,三人成虎
4749,井底之蛙
4750,趋炎附势
4751,虎口余生
4752,成竹在胸
4753,水滴石穿
4754,乳臭未干
4755,脍炙人口
4756,恶贯满盈
4757,爱屋及乌
4758,钩心斗角
4759,呕心沥血
4760,抛砖引玉
4761,庸人自扰
4762,铁杵成针
4763,人面桃花
4764,请君入瓮
4765,不识一丁
4766,模棱两可
4767,白云苍狗
4768,付之一炬
4769,宠辱不惊
4770,沆瀣一气
4771,功亏一篑
4772,明哲保身
4773,天经地义
4774,白驹过隙
4775,含沙射影
4776,破镜重圆
4777,才高八斗
4778,丧心病狂
4779,兔死狐悲
4780,奴颜婢膝
4781,打草惊蛇
4782,分道扬镳
4783,釜底抽薪
4784,东窗事发
4785,精忠报国
4786,骑虎难下
4787,得陇望蜀
4788,玩物丧志
4789,排难解纷
4790,八面威风
4791,害群之马
4792,为虎作伥
4793,明镜高悬
4794,如意算盘
4795,买椟还珠
4796,独木难支
4797,南柯一梦
4798,与虎谋皮
4799,绕梁三日
4800,天衣无缝
4801,越俎代庖
4802,走马看花
4803,黔驴技穷
4804,惊弓之鸟
4805,鱼目混珠
4806,歧路亡羊
4807,火中取栗
4808,杯水车薪
4809,扑朔迷离
4810,豺狼当道
4811,釜底游鱼
4812,车水马龙
4813,梁上君子
4814,迷途知返
4815,箭在弦上
4816,狼狈不堪
4817,老牛舐犊
4818,巢倾卵破
4819,望梅止渴
4820,弃之可惜
4821,兵贵神速
4822,放虎归山
4823,大腹便便
4824,兵不厌诈
4825,以逸待劳
4826,披荆斩棘
4827,差强人意
4828,乐此不疲
4829,举案齐眉
4830,渐入佳境
4831,城狐社鼠
4832,兢兢业业
4833,后起之秀
4834,风声鹤唳
4835,功败垂成
4836,乐不思蜀
4837,超群绝伦
4838,谈笑自若
4839,穷兵黩武
4840,偃旗息鼓
4841,身先士卒
4842,价值连城
4843,崇洋媚外
4844,三姑六婆
4845,数不胜数
4846,马不停蹄
4847,知难而退
4848,盘根错节
4849,劳苦功高
4850,众口一词
4851,如虎添翼
4852,披头散发
4853,高朋满座
4854,和颜悦色
4855,妖言惑众
4856,爱莫能助
4857,不共戴天
4858,玩火自焚
4859,鹤发童颜
4860,一息尚存
4861,纲举目张
4862,耳闻目睹
4863,木已成舟
4864,后会有期
4865,人所共知
4866,无懈可击
4867,有气无力
4868,虚无缥缈
4869,名副其实
4870,出人意料
4871,不肖子孙
4872,徒有其名
4873,原封不动
4874,死而后已
4875,举世无双
4876,变幻莫测
4877,前所未有
4878,十恶不赦
4879,从容不迫
4880,闻所未闻
4881,鬼使神差
4882,不期而遇
4883,参差不齐
4884,不识好歹
4885,心领神会
4886,不知不觉
4887,鬼斧神工
4888,两小无猜
4889,颠倒是非
4890,逆来顺受
4891,转危为安
4892,装聋作哑
4893,熟视无睹
4894,恍然大悟
4895,逢凶化吉
4896,掉以轻心
4897,推己及人
4898,点铁成金
4899,一笔抹煞
4900,信手拈来
4901,不一而足
4902,不计其数
4903,顺理成章
4904,知人善任
4905,姑息养奸
4906,彻头彻尾
4907,闭门思过
4908,若有所失
4909,无穷无尽
4910,拍案叫绝
4911,丢盔卸甲
4912,物极必反
4913,事与愿违
4914,言之成理
4915,话中有话
4916,各自为政
4917,来日方长
4918,人微言轻
4919,词不达意
4920,普天同庆
4921,哄堂大笑
4922,人之常情
4923,皮开肉绽
4924,好事多磨
4925,人心所向
4926,旁观者清
4927,神乎其神
4928,醉生梦死
4929,来龙去脉
4930,斯文扫地
4931,花花世界
4932,花枝招展
4933,事过境迁
4934,翻江倒海
4935,言传身教
4936,胡言乱语
4937,望文生义
4938,因地制宜
4939,先礼后兵
4940,言听计从
4941,胡说八道
4942,煞费苦心
4943,冒名顶替
4944,盲人摸象
4945,乘虚而入
4946,风雨飘摇
4947,超群出众
4948,不痛不痒
4949,风云变幻
4950,大有人在
4951,水到渠成
4952,微言大义
4953,高视阔步
4954,堂堂正正
4955,令行禁止
4956,量入为出
4957,开诚布公
4958,快人快语
4959,适可而止
4960,无恶不作
4961,惹火烧身
4962,自作自受
4963,热气腾腾
4964,偷梁换柱
4965,哀鸿遍地
4966,目瞪口呆
4967,分庭抗礼
4968,风雨同舟
4969,缓兵之计
4970,卷土重来
4971,暗箭伤人
4972,快马加鞭
4973,星罗棋布
4974,作茧自缚
4975,买空卖空
4976,似是而非
4977,平铺直叙
4978,休戚相关
4979,春风满面
4980,风言风语
4981,浮光掠影
4982,坐以待毙
4983,坐吃山空
4984,一心一意
4985,歌功颂德
4986,删繁就简
4987,下里巴人
4988,肝胆相照
4989,抛头露面
4990,藏污纳垢
4991,乌合之众
4992,声泪俱下
4993,声色俱厉
4994,别树一帜
4995,发人深省
4996,负隅顽抗
4997,引狼入室
4998,老态龙钟
4999,貌合神离
5000,损人利己
5001,舍近求远
5002,大发雷霆
5003,朋比为奸
5004,东拼西凑
5005,跋山涉水
5006,畅所欲言
5007,口口声声
5008,并驾齐驱
5009,倾家荡产
5010,例行公事
5011,全军覆没
5012,春风得意
5013,完璧归赵
5014,心猿意马
5015,回头是岸
5016,改恶从善
5017,残兵败将
5018,风流人物
5019,百思不解
5020,津津有味
5021,蠢蠢欲动
5022,出神入化
5023,奇货可居
5024,平步青云
5025,枉费心机
5026,搜索枯肠
5027,自投罗网
5028,顺水推舟
5029,心惊胆战
5030,一技之长
5031,洁身自好
5032,未老先衰
5033,朝不保夕
5034,群策群力
5035,忍气吞声
5036,光明正大
5037,昏天黑地
5038,安营扎寨
5039,束之高阁
5040,无所不至
5041,寸草春晖
5042,白面书生
5043,说一不二
5044,不自量力
5045,将错就错
5046,年深日久
5047,弄巧成拙
5048,出乎意外
5049,突如其来
5050,本来面目
5051,井井有条
5052,有口皆碑
5053,头昏脑胀
5054,浑然一体
5055,雪上加霜
5056,流连忘返
5057,七零八落
5058,不以为然
5059,不足挂齿
5060,百无禁忌
5061,不见经传
5062,不露声色
5063,昏头昏脑
5064,食不果腹
5065,可有可无
5066,金无足赤
5067,刻不容缓
5068,道不拾遗
5069,无隙可乘
5070,轰动一时
5071,不伦不类
5072,日薄西山
5073,自然而然
5074,一衣带水
5075,念念有词
5076,泥沙俱下
5077,山崩地裂
5078,无人问津
5079,不义之财
5080,长吁短叹
5081,混为一谈
5082,海市蜃楼
5083,百感交集
5084,喜怒无常
5085,人困马乏
5086,邂逅相遇
5087,断子绝孙
5088,人定胜天
5089,权宜之计
5090,暗送秋波
5091,不辞劳苦
5092,不远万里
5093,威风凛凛
5094,独善其身
5095,光彩夺目
5096,奔走相告
5097,不修边幅
5098,惊惶失措
5099,嗤之以鼻
5100,坐井观天
5101,侧目而视
5102,面如土色
5103,长枕大被
5104,崇山峻岭
5105,因循守旧
5106,吃里扒外
5107,深居简出
5108,离群索居
5109,相安无事
5110,天各一方
5111,好为人师
5112,七嘴八舌
5113,风起云涌
5114,喜形于色
5115,蹉跎岁月
5116,平分秋色
5117,千方百计
5118,不遗余力
5119,万古流芳
5120,流芳百世
5121,取长补短
5122,顺手牵羊
5123,一掷千金
5124,人才济济
5125,知己知彼
5126,了如指掌
5127,不知所措
5128,自相残杀
5129,不动声色
5130,彬彬有礼
5131,不过尔尔
5132,以己度人
5133,逢场作戏
5134,假公济私
5135,却之不恭
5136,悔之晚矣
5137,先睹为快
5138,朝令夕改
5139,同室操戈
5140,犬牙交错
5141,打成一片
5142,寻根究底
5143,千辛万苦
5144,大慈大悲
5145,牢不可破
5146,不可磨灭
5147,世态炎凉
5148,空洞无物
5149,三三两两
5150,无微不至
5151,横七竖八
5152,千疮百孔
5153,不上不下
5154,永垂不朽
5155,闻风而动
5156,融为一体
5157,低声下气
5158,胆战心惊
5159,一手遮天
5160,稳操胜券
5161,秘而不宣
5162,垂帘听政
5163,明知故犯
5164,弹无虚发
5165,落井下石
5166,阳春白雪
5167,隐恶扬善
5168,藏龙卧虎
5169,手忙脚乱
5170,惊心动魄
5171,救死扶伤
5172,不慌不忙
5173,有勇无谋
5174,前程万里
5175,怀才不遇
5176,丰衣足食
5177,随心所欲
5178,监守自盗
5179,行将就木
5180,理屈词穷
5181,食不甘味
5182,素昧平生
5183,忐忑不安
5184,专心致志
5185,独具只眼
5186,应有尽有
5187,眉清目秀
5188,一知半解
5189,怒不可遏
5190,心神不宁
5191,劳民伤财
5192,岌岌可危
5193,半斤八两
5194,半壁江山
5195,宾至如归
5196,向隅而泣
5197,山清水秀
5198,雄才大略
5199,步步登高
5200,人言可畏
5201,能说会道
5202,金玉良言
5203,过犹不及
5204,趾高气扬
5205,患难与共
5206,周而复始
5207,横冲直撞
5208,江河日下
5209,遗臭万年
5210,要言不烦
5211,直言不讳
5212,触目惊心
5213,无家可归
5214,一劳永逸
5215,吐故纳新
5216,暴跳如雷
5217,令人发指
5218,成家立业
5219,立竿见影
5220,地利人和
5221,及时行乐
5222,喜气洋洋
5223,琳琅满目
5224,瓜熟蒂落
5225,从头至尾
5226,无理取闹
5227,屁滚尿流
5228,布衣之交
5229,不惑之年
5230,不念旧恶
5231,先声夺人
5232,自由自在
5233,爱不释手
5234,上行下效
5235,循序渐进
5236,独树一帜
5237,气急败坏
5238,滚瓜烂熟
5239,川流不息
5240,欣欣向荣
5241,抱头鼠窜
5242,望风而逃
5243,趁火打劫
5244,先入为主
5245,苦中作乐
5246,两败俱伤
5247,短兵相接
5248,决一雌雄
5249,气势汹汹
5250,芒刺在背
5251,无地自容
5252,闻过则喜
5253,受宠若惊
5254,随遇而安
5255,白璧无瑕
5256,深不可测
5257,肥头大耳
5258,名山大川
5259,分崩离析
5260,大惑不解
5261,唯我独尊
5262,急不可待
5263,百炼成钢
5264,潜移默化
5265,除恶务尽
5266,皆大欢喜
5267,人人自危
5268,人尽其才
5269,匹夫有责
5270,鸡犬不留
5271,鸡犬不宁
5272,数一数二
5273,心怀鬼胎
5274,眉飞色舞
5275,招兵买马
5276,近水楼台
5277,众望所归
5278,囊空如洗
5279,层出不穷
5280,独占鳌头
5281,伶牙俐齿
5282,一唱一和
5283,好吃懒做
5284,言多必失
5285,相得益彰
5286,各行其是
5287,表里不一
5288,乔装打扮
5289,举一反三
5290,生龙活虎
5291,夜不闭户
5292,居高临下
5293,内忧外患
5294,夫唱妇随
5295,不能自拔
5296,官官相护
5297,百依百顺
5298,善始善终
5299,尽力而为
5300,不假思索
5301,为非作歹
5302,公事公办
5303,量力而行
5304,驾轻就熟
5305,拨乱反正
5306,金蝉脱壳
5307,杳无音信
5308,石沉大海
5309,东倒西歪
5310,拉拉扯扯
5311,杀身成仁
5312,寿终正寝
5313,成仁取义
5314,素不相识
5315,凶神恶煞
5316,临阵脱逃
5317,求全责备
5318,处心积虑
5319,以身试法
5320,根深叶茂
5321,欺人之谈
5322,掩人耳目
5323,亡命之徒
5324,夜以继日
5325,亦步亦趋
5326,手舞足蹈
5327,自取灭亡
5328,自食其力
5329,改弦更张
5330,大声疾呼
5331,灭顶之灾
5332,怨声载道
5333,文过饰非
5334,始终如一
5335,自以为是
5336,混淆是非
5337,不分皂白
5338,肺腑之言
5339,屈打成招
5340,巧立名目
5341,暗无天日
5342,故步自封
5343,车载斗量
5344,言归于好
5345,挺身而出
5346,大功告成
5347,闭关自守
5348,拍手称快
5349,字斟句酌
5350,泣不成声
5351,日新月异
5352,回心转意
5353,狼吞虎咽
5354,空中楼阁
5355,本末倒置
5356,有始有终
5357,传宗接代
5358,无以复加
5359,不可言状
5360,锐不可当
5361,比比皆是
5362,风平浪静
5363,颠倒黑白
5364,祸从天降
5365,庞然大物
5366,欺软怕硬
5367,断简残编
5368,开源节流
5369,扶老携幼
5370,入不敷出
5371,自食其言
5372,积劳成疾
5373,大言不惭
5374,无边无际
5375,白头偕老
5376,智勇双全
5377,莫逆之交
5378,胆大心细
5379,焦头烂额
5380,妄自尊大
5381,进退维谷
5382,行若无事
5383,曾几何时
5384,飞扬跋扈
5385,良辰美景
5386,锦绣河山
5387,徒劳无功
5388,为人师表
5389,重于泰山
5390,牵肠挂肚
5391,盖世无双
5392,坐卧不安
5393,惨不忍睹
5394,守口如瓶
5395,掌上明珠
5396,患得患失
5397,豁然开朗
5398,同床异梦
5399,公而忘私
5400,八面玲珑
5401,心服口服
5402,魂不附体
5403,饱食终日
5404,恋恋不舍
5405,枕戈待旦
5406,天真烂漫
5407,风行一时
5408,寡不敌众
5409,闭目塞听
5410,花天酒地
5411,如临大敌
5412,同心协力
5413,门当户对
5414,方兴未艾
5415,三头六臂
5416,难分难解
5417,不合时宜
5418,颠沛流离
5419,债台高筑
5420,难言之隐
5421,罪该万死
5422,粉身碎骨
5423,肃然起敬
5424,一清二楚
5425,忍无可忍
5426,不得要领
5427,不偏不倚
5428,四面楚歌
5429,失魂落魄
5430,流离失所
5431,设身处地
5432,唇齿相依
5433,座无虚席
5434,无计可施
5435,作壁上观
5436,大同小异
5437,无坚不摧
5438,眉开眼笑
5439,聚精会神
5440,习以为常
5441,屈指可数
5442,对答如流
5443,搬弄是非
5444,无名小卒
5445,一无是处
5446,铜墙铁壁
5447,油腔滑调
5448,剑拔弩张
5449,敬而远之
5450,明知故问
5451,羞与为伍
5452,水乳交融
5453,诡计多端
5454,面红耳赤
5455,巧言令色
5456,老气横秋
5457,励精图治
5458,之乎者也
5459,藕断丝连
5460,坐立不安
5461,以牙还牙
5462,以眼还眼
5463,连篇累牍
5464,轰轰烈烈
5465,不绝如缕
5466,滴水不漏
5467,包罗万象
5468,兼收并蓄
5469,化为乌有
5470,一了百了
5471,五湖四海
5472,六神无主
5473,千奇百怪
5474,天下太平
5475,不足为凭
5476,耐人寻味
5477,现身说法
5478,前赴后继
5479,无病呻吟
5480,推波助澜
5481,循规蹈矩
5482,表里如一
5483,叹为观止
5484,能者多劳
5485,摇尾乞怜
5486,胡思乱想
5487,天壤之别
5488,中流砥柱
5489,弹丸之地
5490,阴差阳错
5491,山盟海誓
5492,海誓山盟
5493,惊涛骇浪
5494,孤掌难鸣
5495,咫尺天涯
5496,后生可畏
5497,片言只语
5498,虎背熊腰
5499,孤家寡人
5500,万家灯火
5501,鸿篇巨制
5502,大智若愚
5503,文武全才
5504,夜长梦多
5505,铁石心肠
5506,酒囊饭袋
5507,不速之客
5508,因祸得福
5509,一日三秋
5510,南腔北调
5511,行云流水
5512,休养生息
5513,出口伤人
5514,一举成名
5515,得寸进尺
5516,家破人亡
5517,说三道四
5518,无依无靠
5519,三心二意
5520,傲雪凌霜
5521,无牵无挂
5522,无情无义
5523,千丝万缕
5524,不明不白
5525,傲雪欺霜
5526,言而无信
5527,微乎其微
5528,少见多怪
5529,不由分说
5530,重见天日
5531,不识大体
5532,虚度年华
5533,不见天日
5534,一无所获
5535,一无所有
5536,大开眼界
5537,济济一堂
5538,一哄而散
5539,一落千丈
5540,横行无忌
5541,欺人太甚
5542,四海为家
5543,三五成群
5544,心胆俱裂
5545,一语双关
5546,面目全非
5547,自得其乐
5548,乐在其中
5549,千夫所指
5550,白头如新
5551,金石为开
5552,高屋建瓴
5553,洛阳纸贵
5554,汗马功劳
5555,固若金汤
5556,拔山扛鼎
5557,焚书坑儒
5558,刺股悬梁
5559,期期艾艾
5560,狗尾续貂
5561,有恃无恐
5562,欲盖弥彰
5563,不逞之徒
5564,风吹草动
5565,高山流水
5566,尝胆卧薪
5567,暗室不欺
5568,不欺暗室
5569,安步当车
5570,鸡鸣狗盗
5571,求贤若渴
5572,克勤克俭
5573,黄袍加身
5574,酒池肉林
5575,蜻蜓点水
5576,磨杵成针
5577,青梅竹马
5578,乐昌分镜
5579,飞蛾赴火
5580,瓜田李下
5581,尽忠报国
5582,举措失当
5583,路不拾遗
5584,郑人买履
5585,黄粱一梦
5586,拔苗助长
5587,杀鸡骇猴
5588,探囊取物
5589,开门揖盗
5590,舐犊情深
5591,半面不忘
5592,半面之交
5593,贫贱之交
5594,重蹈覆辙
5595,闻鸡起舞
5596,阮囊羞涩
5597,盲人瞎马
5598,巾帼英雄
5599,七步之才
5600,变化莫测
5601,成年累月
5602,天怒人怨
5603,孝子贤孙
5604,奉若神明
5605,人情世故
5606,锲而不舍
5607,和衷共济
5608,口不应心
5609,言为心声
5610,从容自若
5611,枯树开花
5612,一发千钧
5613,獐头鼠目
5614,诚惶诚恐
5615,有条不紊
5616,有条有理
5617,地广人稀
5618,义形于色
5619,青面獠牙
5620,时乖命蹇
5621,痛心疾首
5622,无忧无虑
5623,风雨如晦
5624,兵不血刃
5625,加官进禄
5626,旗开得胜
5627,后发制人
5628,任劳任怨
5629,万死不辞
5630,没齿不忘
5631,迥然不同
5632,瞠目而视
5633,言必有中
5634,饮水思源
5635,气喘吁吁
5636,何乐不为
5637,叶落归根
5638,兵强马壮
5639,驰名天下
5640,博闻多识
5641,愁肠百结
5642,抱头大哭
5643,除暴安良
5644,洞房花烛
5645,天寒地冻
5646,披坚执锐
5647,一手一足
5648,洗手不干
5649,披沙拣金
5650,兵连祸结
5651,腰缠万贯
5652,死而复生
5653,惹是生非
5654,坐观成败
5655,待价而沽
5656,拭目以待
5657,摇唇鼓舌
5658,酒色之徒
5659,暴风疾雨
5660,作奸犯科
5661,村夫野老
5662,悲欢离合
5663,恶语伤人
5664,彰明较著
5665,百无聊赖
5666,姹紫嫣红
5667,雄心勃勃
5668,多才多艺
5669,博学多才
5670,慷慨激昂
5671,福如东海
5672,云消雾散
5673,丧尽天良
5674,赤胆忠心
5675,隔靴搔痒
5676,当务之急
5677,出人意外
5678,人迹罕至
5679,天之骄子
5680,不关痛痒
5681,绝无仅有
5682,出乎预料
5683,出乎意料
5684,参差错落
5685,毁于一旦
5686,妄自菲薄
5687,创巨痛深
5688,狐疑不决
5689,无缘无故
5690,悲不自胜
5691,交口称誉
5692,不得而知
5693,喜不自胜
5694,莫衷一是
5695,作威作福
5696,束手无策
5697,一无所成
5698,转败为胜
5699,左思右想
5700,化险为夷
5701,海底捞月
5702,画虎类犬
5703,绳之以法
5704,祸起萧墙
5705,穴居野处
5706,回天之力
5707,浩如烟海
5708,相敬如宾
5709,如履薄冰
5710,披星戴月
5711,闯南走北
5712,稍纵即逝
5713,点金成铁
5714,点石成金
5715,翻来覆去
5716,辗转反侧
5717,满城风雨
5718,弱不胜衣
5719,积习难改
5720,流言蜚语
5721,含英咀华
5722,如出一辙
5723,力挽狂澜
5724,见财起意
5725,蛟龙得水
5726,火上浇油
5727,如醉如痴
5728,道路以目
5729,光阴似箭
5730,三番五次
5731,投鼠忌器
5732,因噎废食
5733,三年五载
5734,千刀万剐
5735,若有所思
5736,鳏寡孤独
5737,言之有理
5738,急不择言
5739,别有风味
5740,目不暇接
5741,啧有烦言
5742,别无长物
5743,挂一漏万
5744,言犹在耳
5745,风吹浪打
5746,万人空巷
5747,待人接物
5748,男尊女卑
5749,三教九流
5750,三从四德
5751,三纲五常
5752,沧海桑田
5753,炙手可热
5754,青出于蓝
5755,空谷足音
5756,愁肠寸断
5757,是非曲直
5758,图穷匕见
5759,今非昔比
5760,今不如昔
5761,民不聊生
5762,生灵涂炭
5763,硕果仅存
5764,国步艰难
5765,刀山剑树
5766,总而言之
5767,赤子之心
5768,脑满肠肥
5769,中庸之道
5770,人心向背
5771,瑜不掩瑕
5772,瑕不掩瑜
5773,文恬武嬉
5774,蝉不知雪
5775,人去楼空
5776,万马齐喑
5777,万马奔腾
5778,万箭攒心
5779,暴风骤雨
5780,步履蹒跚
5781,因材施教
5782,呶呶不休
5783,谈天说地
5784,不约而同
5785,以假乱真
5786,一意孤行
5787,耿耿于怀
5788,吃苦耐劳
5789,倒海翻江
5790,津津乐道
5791,趁虚而入
5792,八拜之交
5793,食肉寝皮
5794,指天誓日
5795,招摇过市
5796,超群拔类
5797,日落西山
5798,风和日暖
5799,雨过天青
5800,我行我素
5801,雅俗共赏
5802,饱经忧患
5803,损兵折将
5804,顿开茅塞
5805,忿然作色
5806,金榜题名
5807,称臣纳贡
5808,降龙伏虎
5809,称孤道寡
5810,身强力壮
5811,深入人心
5812,厚古薄今
5813,汗流浃背
5814,抽薪止沸
5815,无所不为
5816,兴妖作怪
5817,无所顾忌
5818,寸草不生
5819,偷鸡摸狗
5820,宝山空回
5821,避实击虚
5822,避实就虚
5823,哀鸿遍野
5824,临阵磨枪
5825,临阵磨刀
5826,有头有尾
5827,朝发夕至
5828,落落寡合
5829,春华秋实
5830,大放厥词
5831,金碧辉煌
5832,千金一掷
5833,三缄其口
5834,语无伦次
5835,谨言慎行
5836,山高水低
5837,铁树开花
5838,官样文章
5839,形单影只
5840,颠扑不破
5841,寻死觅活
5842,巧舌如簧
5843,喷云吐雾
5844,血口喷人
5845,慢条斯理
5846,亭亭玉立
5847,白璧微瑕
5848,骨瘦如柴
5849,沉默寡言
5850,唉声叹气
5851,病入骨隨
5852,杜门谢客
5853,艰苦卓绝
5854,笑容可掬
5855,不露神色
5856,不亢不卑
5857,跃然纸上
5858,逃之夭夭
5859,呼幺喝六
5860,破口大骂
5861,信口开河
5862,徒劳无益
5863,金戈铁马
5864,以邻为壑
5865,感激涕零
5866,蝇营狗苟
5867,震天动地
5868,声名狼藉
5869,义正辞严
5870,不了了之
5871,烘云托月
5872,以儆效尤
5873,克己奉公
5874,犬马之劳
5875,正言厉色
5876,天南地北
5877,兴师问罪
5878,卖儿鬻女
5879,大公无私
5880,时不我待
5881,睚眦必报
5882,见所未见
5883,见义勇为
5884,事必躬亲
5885,看风使舵
5886,暗箭难防
5887,反躬自问
5888,搔头抓耳
5889,手足无措
5890,心口不一
5891,言之凿凿
5892,知无不言
5893,痛快淋漓
5894,乐善好施
5895,豺狼成性
5896,治国安民
5897,肆无忌惮
5898,汹涌澎湃
5899,狼奔豕突
5900,寻花问柳
5901,摩拳擦掌
5902,鳞次栉比
5903,珠圆玉润
5904,严阵以待
5905,剜肉补疮
5906,夙兴夜寐
5907,超凡入圣
5908,四面八方
5909,富贵荣华
5910,如雷贯耳
5911,报仇雪恨
5912,报仇雪耻
5913,衣锦还乡
5914,画地为牢
5915,急流勇退
5916,应对如流
5917,痛改前非
5918,悔过自新
5919,江心补漏
5920,功成名遂
5921,老弱残兵
5922,百年之好
5923,皇亲国戚
5924,悬崖勒马
5925,相见恨晚
5926,另眼相看
5927,师心自用
5928,视若路人
5929,视如草芥
5930,视为畏途
5931,视同儿戏
5932,沁人心脾
5933,灯红酒绿
5934,暴殄天物
5935,从谏如流
5936,文从字顺
5937,博览群书
5938,博览五车
5939,奇珍异宝
5940,旧话重提
5941,养虎遗患
5942,正本清源
5943,费尽心机
5944,翻然悔悟
5945,兔起鹘落
5946,口快心直
5947,将心比心
5948,作法自毙
5949,引咎自责
5950,极乐世界
5951,戮力同心
5952,谨小慎微
5953,兴利除弊
5954,延年益寿
5955,穷奢极欲
5956,翻云覆雨
5957,王孙公子
5958,无价之宝
5959,力排众议
5960,窈窕淑女
5961,虚与委蛇
5962,料事如神
5963,瞒天过海
5964,穷则思变
5965,粗茶淡饭
5966,才子佳人
5967,思前想后
5968,官运亨通
5969,骚人墨客
5970,含垢忍辱
5971,喜怒哀乐
5972,心旷神怡
5973,鼠窃狗偷
5974,鼠窃狗盗
5975,砥柱中流
5976,经天纬地
5977,温柔敦厚
5978,吹吹打打
5979,省吃俭用
5980,枕戈寝甲
5981,孜孜不倦
5982,绳锯木断
5983,立功赎罪
5984,身无长物
5985,深仇大恨
5986,层峦叠嶂
5987,心平气和
5988,登堂入室
5989,度日如年
5990,若隐若现
5991,生离死别
5992,劳燕分飞
5993,鹦鹉学舌
5994,情有可原
5995,福地洞天
5996,惶惶不安
5997,亲痛仇快
5998,螳臂当车
5999,溢于言表
6000,弦外之意
6001,拔萃出群
6002,出其不意
6003,惊喜若狂
6004,衣衫褴褛
6005,颐指气使
6006,众说纷纭
6007,不刊之论
6008,披肝沥胆
6009,阳关大道
6010,独辟蹊径
6011,江郎才尽
6012,再生父母
6013,目不忍睹
6014,情随事迁
6015,叫苦连天
6016,依然故我
6017,毛骨悚然
6018,才高行洁
6019,理直气壮
6020,心无二用
6021,海晏河清
6022,新仇旧恨
6023,故态复萌
6024,英姿飒爽
6025,蓬头垢面
6026,五花八门
6027,一鳞半爪
6028,桀骜不驯
6029,千山万水
6030,杳如黄鹤
6031,威武不屈
6032,处之泰然
6033,短小精悍
6034,寸草不留
6035,左支右绌
6036,无所用心
6037,当仁不让
6038,榜上无名
6039,片甲不回
6040,天下无双
6041,非亲非故
6042,名存实亡
6043,魂不守舍
6044,山高水长
6045,十室九空
6046,百战不殆
6047,言不及义
6048,天罗地网
6049,左邻右舍
6050,叠床架屋
6051,势均力敌
6052,衣冠楚楚
6053,国计民生
6054,国色天香
6055,赤身露体
6056,荣华富贵
6057,怨天怨地
6058,意在言外
6059,馋涎欲滴
6060,山高水险
6061,仁至义尽
6062,愁眉不展
6063,咄咄怪事
6064,坚如磐石
6065,魂牵梦萦
6066,活龙活现
6067,水磨工夫
6068,相提并论
6069,指名道姓
6070,男耕女织
6071,穷形尽相
6072,深思熟虑
6073,无出其右
6074,大书特书
6075,积土成山
6076,众擎易举
6077,集腋成裘
6078,聚沙成塔
6079,谋事在人
6080,八斗之才
6081,男欢女爱
6082,鬼蜮伎俩
6083,水中捞月
6084,自强不息
6085,国泰民安
6086,垂涎欲滴
6087,勃然大怒
6088,敷衍了事
6089,轻诺寡信
6090,再接再厉
6091,评头论足
6092,因陋就简
6093,息事宁人
6094,开宗明义
6095,戴罪立功
6096,盘马弯弓
6097,与民更始
6098,通力合作
6099,闭门造车
6100,豆蔻年华
6101,纸醉金迷
6102,郁郁葱葱
6103,一概而论
6104,爱不忍释
6105,善善恶恶
6106,好逸恶劳
6107,惊慌失措
6108,打家劫舍
6109,踌躇满志
6110,焕然一新
6111,怒目而视
6112,如丧考妣
6113,寿比南山
6114,日久年深
6115,长治久安
6116,大块文章
6117,钟鸣鼎食
6118,长生不老
6119,锦衣玉食
6120,淡泊明志
6121,穷奢极侈
6122,洗耳恭听
6123,花容月貌
6124,如影随形
6125,如日方升
6126,如花似玉
6127,别有天地
6128,泥塑木雕
6129,以卵投石
6130,饿虎扑食
6131,狗仗人势
6132,局促不安
6133,风驰电掣
6134,轻于鸿毛
6135,欢欣鼓舞
6136,你死我活
6137,任其自然
6138,事不关己
6139,情不自禁
6140,涕泗滂沱
6141,各抒己见
6142,不咎既往
6143,前车之鉴
6144,长篇累牍
6145,优哉游哉
6146,网开一面
6147,存而不论
6148,余音绕梁
6149,惩前毖后
6150,舍生取义
6151,一笑置之
6152,稠人广众
6153,呼天抢地
6154,杀鸡取卵
6155,杀人如麻
6156,杀人越货
6157,坚强不屈
6158,备而不用
6159,闭口不言
6160,缄口结舌
6161,钳口结舌
6162,惨淡经营
6163,失之交臂
6164,大吃一惊
6165,欣喜若狂
6166,绰有余裕
6167,绰绰有裕
6168,倾盆大雨
6169,大势已去
6170,事在人为
6171,战无不胜
6172,所向披靡
6173,兄弟阋墙
6174,精明强干
6175,大义凛然
6176,味同嚼蜡
6177,雕虫小技
6178,必由之路
6179,偷香窃玉
6180,优柔寡断
6181,碌碌无为
6182,兼容并包
6183,淋漓尽致
6184,赤身裸体
6185,转瞬之间
6186,年富力强
6187,春秋鼎盛
6188,血气方刚
6189,地角天涯
6190,半夜三更
6191,暗中摸索
6192,七窍生烟
6193,轻重缓急
6194,风烛残年
6195,心血来潮
6196,神采飞扬
6197,捶胸顿足
6198,络绎不绝
6199,平心而论
6200,赤贫如洗
6201,危如累卵
6202,如泣如诉
6203,行色匆匆
6204,不可终日
6205,日久天长
6206,铭心刻骨
6207,言外之意
6208,专横跋扈
6209,金枝玉叶
6210,钦差大臣
6211,视若无睹
6212,诗情画意
6213,天造地设
6214,彪形大汉
6215,结发夫妻
6216,急风暴雨
6217,人山人海
6218,心烦意乱
6219,盗名欺世
6220,生杀予夺
6221,留有余地
6222,助纣为虐
6223,志大才疏
6224,情急智生
6225,树大招风
6226,高官厚禄
6227,达官贵人
6228,炉火纯青
6229,峨冠博带
6230,匿影藏形
6231,旁门左道
6232,半身不遂
6233,济困扶危
6234,扶危济困
6235,雪中送炭
6236,助桀为虐
6237,迟疑未决
6238,迟疑不决
6239,荡气回肠
6240,以德报怨
6241,博闻强记
6242,真心实意
6243,持之有故
6244,闷闷不乐
6245,咎由自取
6246,应接不暇
6247,顿口无言
6248,未雨绸缪
6249,泰然处之
6250,萍踪浪迹
6251,一面之交
6252,才疏学浅
6253,耳熟能详
6254,耳聪目明
6255,身经百战
6256,体无完肤
6257,曾经沧海
6258,博古通今
6259,学而不厌
6260,坐而论道
6261,怜香惜玉
6262,自惭形秽
6263,振振有词
6264,促膝谈心
6265,业精于勤
6266,厚颜无耻
6267,洗心革面
6268,锦囊妙计
6269,五谷丰登
6270,恨之入骨
6271,深恶痛疾
6272,深恶痛绝
6273,疾言厉色
6274,餐风露宿
6275,饱经霜雪
6276,来之不易
6277,心术不正
6278,抱恨终天
6279,逍遥自在
6280,举手之劳
6281,措置裕如
6282,千锤百炼
6283,将信将疑
6284,聊胜于无
6285,奇形怪状
6286,龇牙咧嘴
6287,沉冤莫白
6288,痛不欲生
6289,白发苍苍
6290,山明水秀
6291,大彻大悟
6292,楚材晋用
6293,洪福齐天
6294,丰功伟绩
6295,封妻荫子
6296,步步高升
6297,雍容大度
6298,风调雨顺
6299,良师益友
6300,玉石俱焚
6301,良药苦口
6302,葬身鱼腹
6303,趋之若骛
6304,蹑手蹑脚
6305,蹈常袭故
6306,名垂青史
6307,怒目切齿
6308,量才录用
6309,置之度外
6310,无可厚非
6311,反唇相讥
6312,慷慨陈词
6313,数典忘祖
6314,硕大无朋
6315,宵衣旰食
6316,草草了事
6317,拖人下水
6318,沙里淘金
6319,除旧布新
6320,耀武扬威
6321,事倍功半
6322,为所欲为
6323,无功受禄
6324,指手划脚
6325,温文尔雅
6326,文质彬彬
6327,寻欢作乐
6328,赳赳武夫
6329,温故知新
6330,狂风暴雨
6331,怒气冲天
6332,气贯长虹
6333,魂飞魄散
6334,三朋四友
6335,不干不净
6336,承上启下
6337,既往不咎
6338,深谋远虑
6339,鉴往知来
6340,未卜先知
6341,妖魔鬼怪
6342,穷年累月
6343,一枕黄梁
6344,萧规曹随
6345,陈陈相因
6346,如法炮制
6347,悍然不顾
6348,笔下生花
6349,暖衣饱食
6350,健步如飞
6351,望风披靡
6352,离乡背井
6353,白圭之玷
6354,心广体胖
6355,沽名钓誉
6356,欺世盗名
6357,不堪回首
6358,心甘情愿
6359,其势汹汹
6360,郎才女貌
6361,寝食不安
6362,仰不愧天
6363,天旋地转
6364,黯然神伤
6365,感恩戴德
6366,判若两人
6367,谄上骄下
6368,根深柢固
6369,心劳日拙
6370,荒诞无稽
6371,洞天福地
6372,驰名当世
6373,天伦之乐
6374,妻离子散
6375,残花败柳
6376,见怪不怪
6377,固执己见
6378,琼楼玉宇
6379,含情脉脉
6380,暴戾恣睢
6381,横征暴敛
6382,玲珑剔透
6383,见多识广
6384,一蹴而就
6385,杀一儆百
6386,缠绵悱恻
6387,反躬自省
6388,人各有志
6389,人才辈出
6390,涓滴归公
6391,多事之秋
6392,罪不容诛
6393,千虑一得
6394,颂古非今
6395,阴错阳差
6396,妒贤嫉能
6397,莫测高深
6398,长夜漫漫
6399,永无止境
6400,广开言路
6401,自生自灭
6402,苟延残喘
6403,切磋琢磨
6404,石破天惊
6405,翻天覆地
6406,尔诈我虞
6407,言人人殊
6408,各持己见
6409,缄口不言
6410,冥顽不灵
6411,滴水穿石
6412,牛毛细雨
6413,激浊扬清
6414,饮鸩止渴
6415,流落他乡
6416,昏昏欲睡
6417,引而不发
6418,拔刀相助
6419,痛定思痛
6420,龙腾虎跃
6421,鱼龙混杂
6422,苟且偷生
6423,苟且偷安
6424,少安毋躁
6425,出其不备
6426,伤天害理
6427,不加思索
6428,轻车熟路
6429,不甚了了
6430,并行不悖
6431,不落窠臼
6432,包办代替
6433,作恶多端
6434,风吹雨打
6435,鹤立鸡群
6436,冰消瓦解
6437,舍生忘死
6438,赏罚分明
6439,付之一笑
6440,杯盘狼藉
6441,乱点鸳鸯
6442,革故鼎新
6443,话不投机
6444,耳提面命
6445,勤能补拙
6446,龙行虎步
6447,融会贯通
6448,千差万别
6449,黄道吉日
6450,恬不知耻
6451,运筹帷幄
6452,想方设法
6453,残山剩水
6454,荒无人烟
6455,偃武修文
6456,不厌其详
6457,傍人篱壁
6458,傍人门户
6459,柳暗花明
6460,楚楚可怜
6461,娇小玲珑
6462,党同伐异
6463,打抱不平
6464,克敌制胜
6465,哀痛欲绝
6466,恩重如山
6467,欺上瞒下
6468,靡靡之音
6469,贫无立锥
6470,大家闺秀
6471,奋不顾身
6472,龙潭虎穴
6473,改弦易辙
6474,惹草拈花
6475,山珍海味
6476,愤世嫉俗
6477,削足适履
6478,自暴自弃
6479,罪有应得
6480,寻章摘句
6481,没精打采
6482,嗷嗷待哺
6483,喊冤叫屈
6484,痛哭流涕
6485,啼饥号寒
6486,鬼哭狼嚎
6487,胁肩谄笑
6488,老奸巨滑
6489,礼贤下士
6490,伤风败俗
6491,贪官污吏
6492,引经据典
6493,煮鹤焚琴
6494,贪小失大
6495,清规戒律
6496,百家争鸣
6497,乐天知命
6498,就事论事
6499,不落俗套
6500,提纲挈领
6501,骄傲自满
6502,触类旁通
6503,槁木死灰
6504,怨天忧人
6505,怨天尤人
6506,平易近人
6507,虚怀若谷
6508,大获全胜
6509,博采众议
6510,春寒料峭
6511,不屑一顾
6512,黔驴之计
6513,笨鸟先飞
6514,闭关锁国
6515,耳鬓厮磨
6516,金石之交
6517,心灵手巧
6518,历历可数
6519,拨云见日
6520,兵临城下
6521,择善而从
6522,赤县神州
6523,爱惜羽毛
6524,欢声雷动
6525,比肩继踵
6526,摩肩接踵
6527,察言观色
6528,娓娓动听
6529,好善乐施
6530,冲锋陷阵
6531,物换星移
6532,变危为安
6533,波谲云诡
6534,变化不测
6535,略见一斑
6536,鸟尽弓藏
6537,忧心忡忡
6538,草率从事
6539,忍俊不禁
6540,不足为训
6541,萎靡不振
6542,穷乡僻壤
6543,为人作嫁
6544,煮豆燃萁
6545,铢积寸累
6546,沸沸扬扬
6547,手足之情
6548,残茶剩饭
6549,残羹冷炙
6550,柔肠寸断
6551,康庄大道
6552,光天化日
6553,安邦定国
6554,招财进宝
6555,窗明几净
6556,光辉灿烂
6557,绿林好汉
6558,沉鱼落雁
6559,肝肠寸断
6560,竭尽全力
6561,精神抖擞
6562,摧眉折腰
6563,卑躬屈节
6564,生不逢辰
6565,生不逢时
6566,村夫俗子
6567,饱学之士
6568,熙熙攘攘
6569,形影相吊
6570,当局者迷
6571,挥金如土
6572,如火如荼
6573,妄下雌黄
6574,村野匹夫
6575,凤毛麟角
6576,白纸黑字
6577,光怪陆离
6578,一丘之貉
6579,九霄云外
6580,不可名状
6581,不可胜举
6582,不可胜数
6583,悲天悯人
6584,伯仲之间
6585,怒形于色
6586,自轻自贱
6587,前仆后继
6588,恣意妄为
6589,规行矩步
6590,初露头角
6591,羽毛丰满
6592,绝代佳人
6593,如花似锦
6594,小家碧玉
6595,秀外慧中
6596,千娇百媚
6597,春光明媚
6598,纨绔子弟
6599,鸣锣喝道
6600,鸣锣开道
6601,安之若素
6602,百读不厌
6603,大相径庭
6604,呼之欲出
6605,万念俱灰
6606,穷极无聊
6607,俗不可耐
6608,哑然失笑
6609,诲人不倦
6610,大惊失色
6611,惜玉怜香
6612,风流倜傥
6613,猝不及防
6614,千人所指
6615,洋洋大观
6616,仰人鼻息
6617,言近旨远
6618,难分难舍
6619,哀而不伤
6620,粗心大意
6621,杂乱无章
6622,赶尽杀绝
6623,云蒸霞蔚
6624,云兴霞蔚
6625,脱胎换骨
6626,一呼百诺
6627,冰清玉洁
6628,神色自若
6629,额手称庆
6630,超尘拔俗
6631,开诚相见
6632,筋疲力尽
6633,德高望重
6634,日理万机
6635,未可厚非
6636,再衰三竭
6637,变幻无穷
6638,贪生怕死
6639,孤立无援
6640,路人皆知
6641,相亲相爱
6642,气冲牛斗
6643,愤愤不平
6644,盛极一时
6645,井然有序
6646,席不暇暖
6647,碍手碍脚
6648,势成骑虎
6649,不可理喻
6650,不可逾越
6651,儿女情长
6652,孤陋寡闻
6653,罪大恶极
6654,方寸已乱
6655,感恩图报
6656,仗义疏财
6657,变本加厉
6658,超然物外
6659,高高在上
6660,老成持重
6661,狼烟四起
6662,刻骨铭心
6663,天长地久
6664,旋乾转坤
6665,不苟言笑
6666,不尴不尬
6667,落荒而逃
6668,如胶如漆
6669,没头没脑
6670,玩世不恭
6671,绵延不断
6672,安贫乐道
6673,蒙头转向
6674,心悦诚服
6675,冷若冰霜
6676,小心谨慎
6677,指挥若定
6678,一哄而起
6679,博大精深
6680,利欲熏心
6681,大而无当
6682,偏听偏信
6683,驴唇马嘴
6684,安土重迁
6685,唯命是从
6686,离心离德
6687,恼羞成怒
6688,得意洋洋
6689,兴高采烈
6690,大谬不然
6691,当世无双
6692,寥寥无几
6693,手无寸铁
6694,雨后春笋
6695,秋高气爽
6696,笨嘴笨舌
6697,拙嘴笨舌
6698,吐刚茹柔
6699,欲壑难填
6700,舍本求末
6701,舍本逐末
6702,大张挞伐
6703,以攻为守
6704,适逢其会
6705,近在咫尺
6706,薄暮冥冥
6707,过眼烟云
6708,大势所趋
6709,多如牛毛
6710,寒来暑往
6711,寥若晨星
6712,安如磐石
6713,雷霆万钧
6714,如饥似渴
6715,如获至宝
6716,如梦初醒
6717,少不更事
6718,精神焕发
6719,如狼似虎
6720,血肉相连
6721,洞若观火
6722,海阔天空
6723,据理力争
6724,归心如箭
6725,前因后果
6726,错综复杂
6727,行尸走肉
6728,可乘之机
6729,识途老马
6730,色厉内荏
6731,哀兵必胜
6732,知过必改
6733,束手就擒
6734,众星捧月
6735,旧愁新恨
6736,天涯海角
6737,付之东流
6738,付诸东流
6739,百废俱兴
6740,吉人天相
6741,敝帚自珍
6742,如堕烟海
6743,呜呼哀哉
6744,咄咄逼人
6745,百年之后
6746,和蔼可亲
6747,千秋万代
6748,因时制宜
6749,活蹦乱跳
6750,便宜行事
6751,不差毫发
6752,不差毫厘
6753,见机而行
6754,熙来攘往
6755,昭然若揭
6756,荒诞不经
6757,不可企及
6758,老骥伏枥
6759,赤地千里
6760,脱颖而出
6761,三生有幸
6762,冷眼旁观
6763,九牛一毫
6764,能言善辩
6765,莺歌燕舞
6766,疮痍满目
6767,雕梁画栋
6768,片言只字
6769,先知先觉
6770,百万雄师
6771,盖棺论定
6772,虎落平阳
6773,大巧若拙
6774,人死留名
6775,出水芙蓉
6776,一臂之力
6777,千军万马
6778,鱼米之乡
6779,百年树人
6780,人声鼎沸
6781,忠言逆耳
6782,群龙无首
6783,轩然大波
6784,万籁俱寂
6785,宝刀不老
6786,生花妙笔
6787,春色满园
6788,生死之交
6789,狡兔三窟
6790,昙花一现
6791,绵里藏针
6792,顺水人情
6793,好好先生
6794,火树银花
6795,锣鼓喧天
6796,束手待毙
6797,人命关天
6798,晴天霹雳
6799,枝繁叶茂
6800,风和日丽
6801,萍水相逢
6802,秋毫无犯
6803,惜墨如金
6804,搔首弄姿
6805,借尸还魂
6806,海枯石烂
6807,信以为真
6808,开云见日
6809,下笔成章
6810,曲意逢迎
6811,敲骨吸髓
6812,苦不堪言
6813,愚不可及
6814,天崩地裂
6815,出乖露丑
6816,无声无息
6817,搜肠刮肚
6818,甘心情愿
6819,轻举妄动
6820,稀奇古怪
6821,不声不响
6822,错落不齐
6823,发号施令
6824,子虚乌有
6825,明察暗访
6826,可歌可泣
6827,齐头并进
6828,人强马壮
6829,丢盔弃甲
6830,接连不断
6831,成群结队
6832,难舍难分
6833,家喻户晓
6834,斗转星移
6835,东鳞西爪
6836,冰天雪窖
6837,何去何从
6838,反复无常
6839,合而为一
6840,一览无余
6841,铸成大错
6842,不留余地
6843,不胜其烦
6844,曲尽其妙
6845,闪烁其辞
6846,虚有其表
6847,一无可取
6848,崭露头角
6849,日行千里
6850,不省人事
6851,不容置疑
6852,放荡不羁
6853,有口难言
6854,同日而语
6855,黯然失色
6856,死里求生
6857,以强凌弱
6858,急于求成
6859,偶一为之
6860,言而有信
6861,鼎足而立
6862,豁然贯通
6863,油然而生
6864,淡而无味
6865,从容就义
6866,一挥而就
6867,以退为进
6868,以礼相待
6869,相持不下
6870,一表人才
6871,始终不渝
6872,不易之论
6873,恻隐之心
6874,不败之地
6875,家常便饭
6876,有生之年
6877,一面之缘
6878,弦外之音
6879,似水流年
6880,无妄之灾
6881,锦绣前程
6882,浑身是胆
6883,归心似箭
6884,身价百倍
6885,来者不善
6886,自讨苦吃
6887,自身难保
6888,毫发不爽
6889,回味无穷
6890,胸无点墨
6891,言之有物
6892,一刻千金
6893,变化无穷
6894,天下为公
6895,一言难尽
6896,心如刀绞
6897,爱钱如命
6898,血债累累
6899,分文不值
6900,出没无常
6901,情同手足
6902,前无古人
6903,错落有致
6904,羽毛未丰
6905,自作聪明
6906,一文不值
6907,千里迢迢
6908,积重难返
6909,驷马难追
6910,拔帜易帜
6911,河东狮吼
6912,季布一诺
6913,约法三章
6914,乘胜逐北
6915,三寸之舌
6916,鸡犬升天
6917,马前泼水
6918,倾城倾国
6919,倾国倾城
6920,腹心之疾
6921,中流击楫
6922,和璧隋珠
6923,伯乐相马
6924,秣马厉兵
6925,以卵击石
6926,南郭先生
6927,井底蛤蟆
6928,开卷有益
6929,姑妄言之
6930,代人受过
6931,南山可移
6932,金迷纸醉
6933,钱可通神
6934,彩笔生花
6935,槐南一梦
6936,女娲补天
6937,八仙过海
6938,欲速不达
6939,辽东白豕
6940,下笔成文
6941,朽木不雕
6942,尘垢秕糠
6943,名满天下
6944,余勇可贾
6945,风中之烛
6946,破竹之势
6947,诛暴讨逆
6948,诛尽杀绝
6949,琼浆玉液
6950,风花雪月
6951,风刀霜剑
6952,反败为胜
6953,冰肌玉骨
6954,窃窃私议
6955,一倡百和
6956,吠形吠声
6957,随乡入乡
6958,所作所为
6959,习非成是
6960,当家作主
6961,不拔一毛
6962,十风五雨
6963,闭月羞花
6964,年高德劭
6965,茫然若失
6966,卓尔不群
6967,同心并力
6968,匪夷所思
6969,神工鬼斧
6970,百口莫辩
6971,冲昏头脑
6972,革面洗心
6973,听而不闻
6974,画虎类狗
6975,以力服人
6976,随风转舵
6977,栉风沐雨
6978,街谈巷议
6979,排山倒海
6980,食不下咽
6981,后悔无及
6982,当耳边风
6983,称心快意
6984,含饴弄孙
6985,着手成春
6986,酒酣耳热
6987,古往今来
6988,当立之年
6989,三十而立
6990,而立之年
6991,猫鼠同眠
6992,书不尽言
6993,大有文章
6994,无冬无夏
6995,成日成夜
6996,断井颓垣
6997,日上三竿
6998,春光漏泄
6999,罚不当罪
7000,民不堪命
7001,民怨沸腾
7002,民穷财尽
7003,人亡物在
7004,民脂民膏
7005,金科玉律
7006,文房四宝
7007,天下第一
7008,恩同再造
7009,一叶知秋
7010,伯仲叔季
7011,地动山摇
7012,残冬腊月
7013,阿猫阿狗
7014,大千世界
7015,汪洋大海
7016,天方夜谭
7017,如此而已
7018,万水千山
7019,搬唇递舌
7020,数黑论黄
7021,风流才子
7022,才貌双全
7023,攻其无备
7024,顺风转舵
7025,乘隙而入
7026,挥汗成雨
7027,虎口逃生
7028,备尝艰苦
7029,备尝辛苦
7030,三灾八难
7031,成败利钝
7032,李代桃僵
7033,一得之愚
7034,岁寒松柏
7035,坚壁清野
7036,街头巷尾
7037,比肩而立
7038,言谈举止
7039,轻嘴薄舌
7040,回肠荡气
7041,略知皮毛
7042,具体而微
7043,刀耕火种
7044,坐以待旦
7045,席地而坐
7046,歌舞升平
7047,白日见鬼
7048,赤口毒舌
7049,同恶相济
7050,同仇敌忾
7051,寡廉鲜耻
7052,沉疴宿疾
7053,礼义廉耻
7054,鹊巢鸠占
7055,飞蛾扑火
7056,飞蛾投火
7057,顾名思义
7058,送往迎来
7059,送故迎新
7060,姑妄听之
7061,暴取豪夺
7062,称心满意
7063,大方之家
7064,童颜鹤发
7065,振聋发聩
7066,镜花水月
7067,趁火抢劫
7068,花团锦簇
7069,柴米夫妻
7070,投桃报李
7071,打击报复
7072,多谋善断
7073,移天易日
7074,拆东补西
7075,自怨自艾
7076,补偏救弊
7077,悔不当初
7078,幕天席地
7079,归真反璞
7080,沁人肺腑
7081,雅人深致
7082,花街柳巷
7083,繁文缛节
7084,唇红齿白
7085,花红柳绿
7086,畏缩不前
7087,抚今追昔
7088,生老病死
7089,博览古今
7090,吹灯拔蜡
7091,拔树寻根
7092,清净无为
7093,分门别类
7094,厝火积薪
7095,财大气粗
7096,避祸就福
7097,乘胜追击
7098,追奔逐北
7099,清心寡欲
7100,以一警百
7101,惩一儆百
7102,抽筋剥皮
7103,众口铄金
7104,诲淫诲盗
7105,渔人之利
7106,不痴不聋
7107,借花献佛
7108,今是昨非
7109,粉饰太平
7110,天悬地隔
7111,为民请命
7112,拾人涕唾
7113,五方杂处
7114,善男信女
7115,东郭先生
7116,庸中佼佼
7117,百折不回
7118,星移斗转
7119,指腹为婚
7120,牛头马面
7121,否极泰来
7122,口说无凭
7123,倾心吐胆
7124,声价十倍
7125,本乡本土
7126,沦肌浃髓
7127,临渊羡鱼
7128,有朝一日
7129,飘飘欲仙
7130,入境问俗
7131,大庭广众
7132,好色之徒
7133,七长八短
7134,蓬首垢面
7135,林林总总
7136,无一不知
7137,寸步不让
7138,功成不居
7139,纤悉无遗
7140,杜渐防萌
7141,日以继夜
7142,初生之犊
7143,文不加点
7144,不稂不莠
7145,天崩地坼
7146,滔天之罪
7147,乱臣贼子
7148,三更半夜
7149,不期而会
7150,遇事生风
7151,说黄道黑
7152,泄露天机
7153,含血喷人
7154,对酒当歌
7155,诛求无厌
7156,身体力行
7157,品头评足
7158,挤眉弄眼
7159,苦心孤诣
7160,推三阻四
7161,见笑大方
7162,明辨是非
7163,调虎离山
7164,爱民如子
7165,风流韵事
7166,不能自已
7167,长舌之妇
7168,面无人色
7169,比量齐观
7170,洋洋得意
7171,常年累月
7172,梦寐以求
7173,万里长征
7174,孤身只影
7175,燕雀处堂
7176,龙飞凤舞
7177,闭门却扫
7178,如蚁附膻
7179,别有洞天
7180,梦幻泡影
7181,泥牛入海
7182,活灵活现
7183,春风化雨
7184,狗血喷头
7185,闲情逸致
7186,剩水残山
7187,网开三面
7188,天府之国
7189,多愁多病
7190,倒背如流
7191,知彼知己
7192,格杀勿论
7193,吐丝自缚
7194,不亦乐乎
7195,天理难容
7196,尺幅千里
7197,承先启后
7198,扬汤止沸
7199,无可置辩
7200,莫可名状
7201,不可言喻
7202,蜀犬吠日
7203,入乡随俗
7204,天荒地老
7205,鸡飞狗走
7206,意马心猿
7207,仪表堂堂
7208,荒淫无度
7209,学步邯郸
7210,浑浑噩噩
7211,肠肥脑满
7212,乘龙快婿
7213,乘龙佳婿
7214,人弃我取
7215,成千成万
7216,屏声息气
7217,骑驴觅驴
7218,仰首伸眉
7219,高城深池
7220,大街小巷
7221,天香国色
7222,雍容华贵
7223,水火无交
7224,长风破浪
7225,瓮中捉鳖
7226,兼而有之
7227,冷暖自知
7228,骨鲠在喉
7229,过目不忘
7230,严刑峻法
7231,颠来倒去
7232,餐风宿露
7233,动魄惊心
7234,骑马找马
7235,青山绿水
7236,吉日良辰
7237,饭囊衣架
7238,觥筹交错
7239,酩酊大醉
7240,拂袖而去
7241,匹马单枪
7242,大兴土木
7243,握手言欢
7244,臭不可闻
7245,避坑落井
7246,病从口入
7247,比手划脚
7248,生生世世
7249,攒三聚五
7250,见微知著
7251,刎颈之交
7252,孤苦伶仃
7253,开山祖师
7254,明媒正娶
7255,成双作对
7256,废寝忘食
7257,嗟来之食
7258,纷纷扬扬
7259,哗众取宠
7260,眉来眼去
7261,划一不二
7262,洪水猛兽
7263,羊狠狼贪
7264,谄上抑下
7265,偷合苟容
7266,食言而肥
7267,虎视眈眈
7268,玄之又玄
7269,排斥异己
7270,璧合珠连
7271,珠联璧合
7272,尺短寸长
7273,雌雄未决
7274,千虑一失
7275,成败论人
7276,度德量力
7277,约定俗成
7278,宾客盈门
7279,风餐露宿
7280,忍辱含垢
7281,茹毛饮血
7282,互通有无
7283,春暖花香
7284,不胜杯杓
7285,借酒浇愁
7286,竹篮打水
7287,唾面自干
7288,扬清激浊
7289,穷寇勿追
7290,神差鬼使
7291,地主之谊
7292,标新创异
7293,从心所欲
7294,仙姿玉色
7295,瓦解冰消
7296,荒淫无耻
7297,佶屈聱牙
7298,见仁见智
7299,同工异曲
7300,玉叶金枝
7301,寄人篱下
7302,背本趋末
7303,柔肠百结
7304,粉妆玉琢
7305,长眠不起
7306,发聋振聩
7307,日往月来
7308,暮鼓晨钟
7309,挖肉补疮
7310,翘足而待
7311,标新领异
7312,真知灼见
7313,口诛笔伐
7314,讳疾忌医
7315,补苴罅漏
7316,慈悲为本
7317,难能可贵
7318,接踵而来
7319,拉帮结派
7320,擘肌分理
7321,亲如手足
7322,土牛木马
7323,援古证今
7324,发短心长
7325,避难就易
7326,望风捕影
7327,绰约多姿
7328,害人不浅
7329,攻其不备
7330,负薪救火
7331,百不失一
7332,欲罢不能
7333,千呼万唤
7334,呼朋引类
7335,建功立业
7336,光宗耀祖
7337,明窗净几
7338,金童玉女
7339,勃然变色
7340,吞云吐雾
7341,奇装异服
7342,待时而动
7343,字里行间
7344,乔迁之喜
7345,围魏救赵
7346,官逼民反
7347,暴虐无道
7348,捷足先得
7349,肝脑涂地
7350,始作俑者
7351,亘古未有
7352,风尘仆仆
7353,必操胜券
7354,罪孽深重
7355,撮盐入火
7356,削铁如泥
7357,十行俱下
7358,冰清玉润
7359,杜渐防微
7360,天马行空
7361,地老天荒
7362,一心一德
7363,唯唯否否
7364,卑不足道
7365,狗彘不若
7366,耳濡目染
7367,池鱼之殃
7368,循循善诱
7369,能征惯战
7370,疏财仗义
7371,动辄得咎
7372,从一而终
7373,清风明月
7374,过目成诵
7375,娇生惯养
7376,鼻青脸肿
7377,牛鬼蛇神
7378,独夫民贼
7379,投井下石
7380,将功赎罪
7381,茶余酒后
7382,茶余饭后
7383,安闲自在
7384,察察为明
7385,为虎添翼
7386,为虎傅翼
7387,问道于盲
7388,求亲告友
7389,入国问俗
7390,恍如隔世
7391,张王赵李
7392,失道寡助
7393,唯命是听
7394,攻无不克
7395,四大皆空
7396,同归殊途
7397,更深人静
7398,人多嘴杂
7399,屡次三番
7400,不容分说
7401,如兄如弟
7402,外合里应
7403,包揽词讼
7404,便宜从事
7405,卖官鬻爵
7406,文风不动
7407,风卷残云
7408,星星之火
7409,一木难支
7410,当头棒喝
7411,必争之地
7412,安民告示
7413,异军突起
7414,十生九死
7415,牛刀小试
7416,男婚女嫁
7417,宾客如云
7418,君子之交
7419,当头一棒
7420,虎踞龙盘
7421,尸横遍野
7422,户枢不蠹
7423,火烧眉毛
7424,堤溃蚁孔
7425,花甲之年
7426,狗急跳墙
7427,万全之策
7428,中西合璧
7429,红颜薄命
7430,蓬荜生辉
7431,万寿无疆
7432,相反相成
7433,剥茧抽丝
7434,鸣金收军
7435,抱头痛哭
7436,麾之即去
7437,反目成仇
7438,焚膏继晷
7439,落地生根
7440,败兴而归
7441,徇情枉法
7442,置之不顾
7443,知足常乐
7444,借坡下驴
7445,一通百通
7446,有口难辩
7447,磬竹难书
7448,扪心无愧
7449,一了百当
7450,插翅难逃
7451,朝过夕改
7452,欲言又止
7453,至死不悟
7454,衣锦夜行
7455,卖国求荣
7456,一望而知
7457,居利思义
7458,得意忘言
7459,背暗投明
7460,发奋图强
7461,正襟危坐
7462,至死不渝
7463,至死不变
7464,截长补短
7465,捐躯报国
7466,触景伤情
7467,引颈受戮
7468,抚掌大笑
7469,从头彻尾
7470,养儿防老
7471,承前启后
7472,衣锦荣归
7473,茫无端绪
7474,按捺不住
7475,跌宕不羁
7476,鞠躬尽瘁
7477,严于律己
7478,恨入骨髓
7479,箭不虚发
7480,避君三舍
7481,假手于人
7482,流芳千古
7483,精美绝伦
7484,精妙绝伦
7485,坚忍不拔
7486,举棋若定
7487,哀哀欲绝
7488,遗恨千古
7489,路远迢迢
7490,酣畅淋漓
7491,好学不倦
7492,安营下寨
7493,东涂西抹
7494,灰飞烟灭
7495,不言不语
7496,此唱彼和
7497,能掐会算
7498,仓皇失措
7499,摆尾摇头
7500,东游西荡
7501,一误再误
7502,鸾只凤单
7503,力倍功半
7504,汗牛充栋
7505,政通人和
7506,徇国忘身
7507,豪放不羁
7508,一张一弛
7509,鱼死网破
7510,劳师动众
7511,三翻四覆
7512,百依百从
7513,脸红耳赤
7514,任其自流
7515,烂额焦头
7516,东歪西倒
7517,眉欢眼笑
7518,大呼小叫
7519,从容自如
7520,一波三折
7521,狂风怒号
7522,绝世超伦
7523,千难万险
7524,碧血丹心
7525,多嘴多舌
7526,狂妄自大
7527,胡说乱道
7528,高谈大论
7529,胜任愉快
7530,偏听偏言
7531,斩尽杀绝
7532,弊绝风清
7533,利齿能牙
7534,国富民强
7535,深情厚意
7536,百举百全
7537,民安国泰
7538,平心静气
7539,尽心竭力
7540,口服心服
7541,追本溯源
7542,坎坷不平
7543,精疲力尽
7544,穿凿附会
7545,因循苟且
7546,卖空买空
7547,舞文弄墨
7548,争强好胜
7549,嫌贫爱富
7550,短吃少穿
7551,挨冻受饿
7552,救亡图存
7553,负屈含冤
7554,卖男鬻女
7555,一唱三叹
7556,才薄智浅
7557,南征北战
7558,不声不吭
7559,德薄能鲜
7560,雕章琢句
7561,一式一样
7562,地旷人稀
7563,国破家亡
7564,吉祥如意
7565,东奔西走
7566,价廉物美
7567,咳声叹气
7568,傲睨自若
7569,胆颤心惊
7570,马龙车水
7571,屏气凝神
7572,不死不活
7573,斑驳陆离
7574,满山遍野
7575,年轻力壮
7576,千姿百态
7577,浓妆艳抹
7578,浓妆艳裹
7579,天摇地动
7580,挨肩擦背
7581,身单力薄
7582,不吐不茹
7583,人喊马嘶
7584,学浅才疏
7585,吠影吠声
7586,贪赃枉法
7587,拿腔做势
7588,黯淡无光
7589,败法乱纪
7590,冷嘲热骂
7591,临深履薄
7592,空腹高心
7593,不生不灭
7594,聱牙戟口
7595,指天画地
7596,爱富嫌贫
7597,泥古不化
7598,豆剖瓜分
7599,傲慢不逊
7600,流落失所
7601,欺贫爱富
7602,胁肩低眉
7603,缺吃少穿
7604,掠影浮光
7605,超轶绝尘
7606,活蹦活跳
7607,璀璨夺目
7608,简捷了当
7609,骁勇善战
7610,敢作敢为
7611,志得意满
7612,烂漫天真
7613,百伶百俐
7614,俐齿伶牙
7615,旰食宵衣
7616,有勇有谋
7617,灿烂辉煌
7618,眉飞眼笑
7619,宽宏大度
7620,专心一志
7621,感天动地
7622,领异标新
7623,东征西讨
7624,博学多闻
7625,异途同归
7626,扒高踩低
7627,公正不阿
7628,轻车简从
7629,学富才高
7630,迷离扑朔
7631,风流云散
7632,聪明才智
7633,彼竭我盈
7634,才高意广
7635,饱食暖衣
7636,拔山盖世
7637,安邦治国
7638,面黄肌瘦
7639,明眸皓齿
7640,循环往复
7641,含辛茹苦
7642,不疾不徐
7643,不矜不伐
7644,茹苦含辛
7645,铭心镂骨
7646,浩浩荡荡
7647,木头木脑
7648,跼蹐不安
7649,丧魂失魄
7650,貌合心离
7651,貌合情离
7652,含垢纳污
7653,欢呼雀跃
7654,俱收并蓄
7655,狼心狗肺
7656,蔽聪塞明
7657,游移不定
7658,拒谏饰非
7659,龙争虎斗
7660,漫山遍野
7661,山鸣谷应
7662,选贤举能
7663,家给人足
7664,佛口蛇心
7665,精疲力竭
7666,慌慌张张
7667,昏昏沉沉
7668,千岩万壑
7669,脸黄肌瘦
7670,绿水青山
7671,花前月下
7672,马迹蛛丝
7673,残杯冷炙
7674,盲风怪云
7675,一时半霎
7676,败柳残花
7677,短见薄识
7678,门单户薄
7679,奇花异草
7680,恶衣恶食
7681,好心好意
7682,电光石火
7683,变颜变色
7684,本同末异
7685,九变十化
7686,离合悲欢
7687,宝马香车
7688,艰难险阻
7689,柳绿桃红
7690,抽梁换柱
7691,夏炉冬扇
7692,蠡酌管窥
7693,鸡肠狗肚
7694,苦雨凄风
7695,兵微将寡
7696,盟山誓海
7697,民富国强
7698,浊泾清渭
7699,贤妻良母
7700,兵多将广
7701,豁达大度
7702,含冤负屈
7703,公正无私
7704,千叮万嘱
7705,丁一卯二
7706,寡二少双
7707,花花绿绿
7708,聱牙诘屈
7709,恩断义绝
7710,龙吟虎啸
7711,漫天遍野
7712,漫天遍地
7713,眉花眼笑
7714,万壑千岩
7715,粗衣恶食
7716,贫嘴薄舌
7717,贫嘴贱舌
7718,阴曹地府
7719,月白风清
7720,月黑风高
7721,敌众我寡
7722,春兰秋菊
7723,侠肝义胆
7724,不衫不履
7725,举手投足
7726,片纸只字
7727,达官显宦
7728,斜风细雨
7729,千山万壑
7730,晓风残月
7731,七情六欲
7732,刻薄寡思
7733,奇谈怪论
7734,柔情蜜意
7735,直言正论
7736,生死存亡
7737,朝朝暮暮
7738,恢宏大度
7739,凤冠霞帔
7740,三山五岳
7741,滥官污吏
7742,声色狗马
7743,声色犬马
7744,名山胜川
7745,志士仁人
7746,白发红颜
7747,布衣蔬食
7748,至亲好友
7749,鞭长不及
7750,无风起浪
7751,不期而然
7752,信而有征
7753,养痈贻患
7754,事缓则圆
7755,不进则退
7756,不谋而同
7757,一望无边
7758,勇而无谋
7759,千载一时
7760,豹死留皮
7761,仰之弥高
7762,咫尺万里
7763,犯而不校
7764,狼子兽心
7765,俯拾即是
7766,俯拾皆是
7767,言无二价
7768,不敢造次
7769,不吝珠玉
7770,奉为圭臬
7771,不足介意
7772,不知去向
7773,不远千里
7774,不以为耻
7775,傲睨一切
7776,不足为法
7777,悔过自责
7778,互为表里
7779,摸头不着
7780,摸门不着
7781,矢志不渝
7782,矢志不移
7783,不吝赐教
7784,何足挂齿
7785,以防不测
7786,不可枚举
7787,笼络人心
7788,捐弃前嫌
7789,甘居人后
7790,坐收渔利
7791,略高一筹
7792,不知进退
7793,无所不有
7794,无所不通
7795,浪迹天涯
7796,放浪形骸
7797,不识之无
7798,不顾死活
7799,目无法纪
7800,目无王法
7801,傲睨万物
7802,不足为意
7803,荼毒生灵
7804,一无所得
7805,目无尊长
7806,流落天涯
7807,沦落风尘
7808,图谋不轨
7809,拒人千里
7810,鱼肉乡里
7811,永垂青史
7812,日进斗金
7813,大展宏图
7814,有所作为
7815,一决雌雄
7816,杳无消息
7817,出敌不意
7818,义结金兰
7819,出人意表
7820,别具慧眼
7821,勇冠三军
7822,渺无人烟
7823,渺无人迹
7824,转祸为福
7825,聊以卒岁
7826,等闲之辈
7827,一扫而光
7828,无可救药
7829,潸然泪下
7830,不可偏废
7831,冲口而出
7832,源源而来
7833,近在眉睫
7834,闻风而起
7835,瞒天要价
7836,瞒天讨价
7837,愧不敢当
7838,从宽发落
7839,岿然不动
7840,熔于一炉
7841,戛戛独造
7842,没齿难忘
7843,以直报怨
7844,为民除害
7845,暮气沉沉
7846,惘然若失
7847,愁肠九转
7848,安然无事
7849,金玉满堂
7850,床上安床
7851,迷而不反
7852,漫天开价
7853,漫天要价
7854,碌碌无能
7855,涸泽而渔
7856,渺不足道
7857,迷而知反
7858,旖旎风光
7859,慷慨就义
7860,满脸春色
7861,以微知著
7862,急不择路
7863,急如星火
7864,翻然改进
7865,久假不归
7866,刀下留人
7867,急流勇进
7868,坚不可摧
7869,依依惜别
7870,叫苦不迭
7871,八百孤寒
7872,不绝如线
7873,矢忠不二
7874,瞬息万变
7875,俯仰无愧
7876,遥遥在望
7877,当断不断
7878,聊以塞责
7879,不相为谋
7880,连绵不断
7881,怅然若失
7882,踧踖不安
7883,蜂拥而上
7884,湮没无闻
7885,惨不忍言
7886,恶意中伤
7887,反脸无情
7888,反面无情
7889,独步一时
7890,鼎鼎有名
7891,相忍为国
7892,以身许国
7893,单刀赴会
7894,歃血为盟
7895,以柔克刚
7896,疲惫不堪
7897,郁郁不乐
7898,绵绵不绝
7899,怡然自得
7900,满脸春风
7901,救民水火
7902,掩鼻而过
7903,相濡以沫
7904,以蠡测海
7905,斐然成章
7906,飘泊无定
7907,一门心思
7908,井井有序
7909,不时之需
7910,秋毫之末
7911,一饭之德
7912,一席之地
7913,一家之言
7914,瞒天大谎
7915,迷天大谎
7916,空谷传声
7917,海底捞针
7918,门户之见
7919,一面之识
7920,漫天大谎
7921,一隅之见
7922,无人之境
7923,井蛙之见
7924,稀世之宝
7925,燎原烈火
7926,栋梁之材
7927,方便之门
7928,眉睫之内
7929,优孟衣冠
7930,半面之旧
7931,一代风流
7932,琅琅上口
7933,九泉之下
7934,一寸丹心
7935,漫不经意
7936,男大当婚
7937,男大当娶
7938,失之东隅
7939,肘腋之患
7940,循名责实
7941,深信不疑
7942,他山之石
7943,谆谆教导
7944,不急之务
7945,立地成佛
7946,一箭之地
7947,弥天大祸
7948,缚鸡之力
7949,不正之风
7950,木石心肠
7951,弥天大罪
7952,丹青妙手
7953,中原逐鹿
7954,神来之笔
7955,好生之德
7956,锦绣山河
7957,公平交易
7958,一片丹心
7959,知遇之恩
7960,一线生机
7961,才德兼备
7962,步履维艰
7963,一命归阴
7964,一命归西
7965,相差无几
7966,沉吟不决
7967,精神恍惚
7968,沧海横流
7969,决断如流
7970,神思恍惚
7971,经纶满腹
7972,老迈龙钟
7973,机关用尽
7974,机关算尽
7975,心如铁石
7976,自相鱼肉
7977,声威大震
7978,学富五车
7979,白头相守
7980,事不宜迟
7981,喜上眉梢
7982,秀色可餐
7983,心旌摇摇
7984,气息奄奄
7985,泪下如雨
7986,志在四方
7987,目不邪视
7988,感慨系之
7989,言不尽意
7990,甘之如饴
7991,另眼相待
7992,冰炭不投
7993,富埒王侯
7994,床头金尽
7995,日月如梭
7996,马如游龙
7997,流年不利
7998,自命清高
7999,追悔莫及
8000,名不符实
8001,一路平安
8002,字字珠玑
8003,同声相应
8004,自我作古
8005,鸡犬不惊
8006,举重若轻
8007,教学相长
8008,三足鼎立
8009,寸土不让
8010,百无一失
8011,刀枪入库
8012,一钱不值
8013,两肋插刀
8014,才气过人
8015,言之有序
8016,口碑载道
8017,品学兼优
8018,泾渭不分
8019,落叶归根
8020,徐娘半老
8021,邪不干正
8022,力不胜任
8023,仪态万方
8024,变幻无常
8025,羽翼已成
8026,辅车相依
8027,另眼看待
8028,炮火连天
8029,白黑不分
8030,胸无城府
8031,万籁无声
8032,首尾相应
8033,风度翩翩
8034,下笔千言
8035,触目皆是
8036,情同骨肉
8037,福星高照
8038,百废待兴
8039,风韵犹存
8040,矮人观场
8041,矮人看场
8042,矮人看戏
8043,五谷不分
8044,皂白不分
8045,毛羽未丰
8046,鞭不及腹
8047,面目可憎
8048,形容枯槁
8049,四体不勤
8050,相煎何急
8051,名过其实
8052,血流成渠
8053,心如火焚
8054,泪如泉涌
8055,关怀备至
8056,一身是胆
8057,天下无敌
8058,走为上计
8059,白黑分明
8060,一毫不染
8061,新婚燕尔
8062,应答如流
8063,惺惺相惜
8064,气象万千
8065,声势浩大
8066,心手相应
8067,名实相符
8068,眼观六路
8069,名实相副
8070,表里一致
8071,交口称赞
8072,挥洒自如
8073,是非分明
8074,安不忘危
8075,鹑衣百结
8076,胸有城府
8077,民生凋敝
8078,目光炯炯
8079,名闻遐迩
8080,人心惶惶
8081,忧心如焚
8082,敝帚千金
8083,金鸡独立
8084,心如刀割
8085,满腹疑团
8086,一笔不苟
8087,信誓旦旦
8088,一毫不苟
8089,泪如雨下
8090,意气扬扬
8091,心无旁骛
8092,惊魂未定
8093,巨细无遗
8094,力不能支
8095,悔之无及
8096,力所不及
8097,表里相符
8098,心向往之
8099,风云际会
8100,壮志未酬
8101,前车可鉴
8102,物议沸腾
8103,薰莸同器
8104,政出多门
8105,议论纷纷
8106,惊喜交集
8107,壮心不已
8108,祸福无门
8109,足不出户
8110,咎有应得
8111,从恶如崩
8112,日月经天
8113,训练有素
8114,话里有话
8115,人生如寄
8116,红日三竿
8117,白玉微瑕
8118,寸铁在手
8119,金刚怒目
8120,白黑颠倒
8121,盲人说象
8122,门庭如市
8123,白玉无瑕
8124,旧雨重逢
8125,响遏行云
8126,热情洋溢
8127,福无双至
8128,缪种流传
8129,大厦将倾
8130,小鸟依人
8131,曲径通幽
8132,学海无涯
8133,法不阿贵
8134,黄雀在后
8135,苦海无边
8136,蚍蜉撼树
8137,秀才造反
8138,吉星高照
8139,语言无味
8140,愚公移山
8141,解弦更张
8142,霸王别姬
8143,一叶障目
8144,灭虢取虞
8145,连枝共冢
8146,米珠薪桂
8147,孟母三迁
8148,绿衣使者
8149,冰山难靠
8150,扫除天下
8151,绿叶成阴
8152,敬若神明
8153,谷贱伤农
8154,水火无情
8155,隔墙有耳
8156,游山玩水
8157,广土众民
8158,璞玉浑金
8159,别来无恙
8160,鞍马劳顿
8161,铜筋铁骨
8162,七擒七纵
8163,长话短说
8164,投闲置散
8165,彻上彻下
8166,时移势易
8167,天无二日
8168,孺子可教
8169,文如其人
8170,水天一色
8171,瓜李之嫌
8172,皇天后土
8173,叶落知秋
8174,目不见睫
8175,孔孟之道
8176,牛郎织女
8177,伤弓之鸟
8178,刚柔相济
8179,长歌当哭
8180,坐地分赃
8181,左提右挈
8182,成败得失
8183,行成于思
8184,以暴易暴
8185,映雪读书
8186,顾盼自雄
8187,积草屯粮
8188,春花秋月
8189,好言好语
8190,忙里偷闲
8191,能工巧匠
8192,终南捷径
8193,自知之明
8194,以观后效
8195,膝痒搔背
8196,戳心灌髓
8197,史不绝书
8198,物腐虫生
8199,盛衰兴废
8200,虚位以待
8201,佛眼相看
8202,锥处囊中
8203,振臂一呼
8204,人心不古
8205,久病成医
8206,天高地厚
8207,床笫之私
8208,大权旁落
8209,探头探脑
8210,用武之地
8211,仁人志士
8212,火眼金睛
8213,寻枝摘叶
8214,抱负不凡
8215,乐不可极
8216,位极人臣
8217,攻守同盟
8218,细大不捐
8219,妄言妄听
8220,目不交睫
8221,不情之请
8222,白山黑水
8223,泰山北斗
8224,愁云惨雾
8225,附庸风雅
8226,千千万万
8227,功德无量
8228,补过饰非
8229,富国强兵
8230,爱国如家
8231,光风霁月
8232,食前方丈
8233,堆积如山
8234,尾大不掉
8235,明升暗降
8236,豺狼虎豹
8237,贪多务得
8238,窃玉偷香
8239,垂暮之年
8240,位卑言高
8241,风雨无阻
8242,吃喝玩乐
8243,实至名归
8244,鼾声如雷
8245,天从人愿
8246,始乱终弃
8247,日就月将
8248,雾里看花
8249,饮恨吞声
8250,盛筵难再
8251,良辰吉日
8252,贻笑大方
8253,厉兵秣马
8254,败军之将
8255,抱成一团
8256,四时八节
8257,多难兴邦
8258,飞檐走壁
8259,两虎相斗
8260,水落归漕
8261,身外之物
8262,体大思精
8263,生财有道
8264,入室操戈
8265,大雅之堂
8266,镂月裁云
8267,心醉魂迷
8268,命中注定
8269,不知所终
8270,飞针走线
8271,瞒心昧己
8272,死于非命
8273,风景不殊
8274,数往知来
8275,日复一日
8276,拣佛烧香
8277,水晶灯笼
8278,羞人答答
8279,补阙拾遗
8280,采风问俗
8281,柴米油盐
8282,踵事增华
8283,好事之徒
8284,明眸善睐
8285,吹牛拍马
8286,得意门生
8287,疏不间亲
8288,五里雾中
8289,远交近攻
8290,绿肥红瘦
8291,卿卿我我
8292,待字闺中
8293,穿红着绿
8294,烂醉如泥
8295,恃才傲物
8296,吃哑巴亏
8297,承欢膝下
8298,高抬贵手
8299,贪天之功
8300,匹夫之勇
8301,诸如此类
8302,五日京兆
8303,终身大事
8304,空穴来风
8305,麟凤龟龙
8306,是古非今
8307,因人成事
8308,三朝元老
8309,眼中拔钉
8310,平地风波
8311,孤臣孽子
8312,春风一度
8313,济世之才
8314,春宵一刻
8315,谦谦君子
8316,席珍待聘
8317,网漏吞舟
8318,流金铄石
8319,顽石点头
8320,积沙成滩
8321,发纵指示
8322,登高自卑
8323,看人行事
8324,班师回朝
8325,驾鹤成仙
8326,鸣金收兵
8327,将勤补拙
8328,闭门读书
8329,逢山开路
8330,一卧不起
8331,吞刀刮肠
8332,举手相庆
8333,临机应变
8334,开雾睹天
8335,捉贼见赃
8336,闭门不出
8337,见利思义
8338,放火烧山
8339,有口难分
8340,嫁鸡逐鸡
8341,嫁狗随狗
8342,知足不辱
8343,看风使船
8344,犯颜苦谏
8345,打富济贫
8346,见景生情
8347,比翼双飞
8348,见风转舵
8349,备位充数
8350,扭曲作直
8351,积羽沉舟
8352,看景生情
8353,出言成章
8354,将功折罪
8355,功成身退
8356,老羞成怒
8357,背城一战
8358,秉烛待旦
8359,开心见诚
8360,博施济众
8361,积毁销骨
8362,犯上作乱
8363,怜新弃旧
8364,慌不择路
8365,随俗沉浮
8366,钻冰求火
8367,移东就西
8368,蒸沙成饭
8369,开锣喝道
8370,随声吠影
8371,助天为虐
8372,剜肉医疮
8373,倚门卖俏
8374,倚门卖笑
8375,闻一知二
8376,问羊知马
8377,避强击弱
8378,犯言直谏
8379,心坚石穿
8380,蹇视高步
8381,弃邪归正
8382,开口见心
8383,无地可容
8384,卖刀买犊
8385,卖友求荣
8386,积谷防饥
8387,临河羡鱼
8388,临川羡鱼
8389,饭来张口
8390,出凡入胜
8391,把玩无厌
8392,刺刺不休
8393,一寒如此
8394,把持不定
8395,愧悔无地
8396,逼人太甚
8397,坚贞不渝
8398,苍翠欲滴
8399,决胜千里
8400,盛水不漏
8401,白发千丈
8402,意在笔先
8403,拨云撩雨
8404,谈空说有
8405,颠鸾倒凤
8406,履薄临深
8407,焚琴煮鹤
8408,肉眼愚眉
8409,拊背扼喉
8410,步线行针
8411,擒贼擒王
8412,醇酒妇人
8413,传杯弄盏
8414,东谈西说
8415,傲贤慢士
8416,瓜剖豆分
8417,匡乱反正
8418,抠心挖肚
8419,持危扶颠
8420,标同伐异
8421,惩恶劝善
8422,攻城略地
8423,巴前算后
8424,东寻西觅
8425,东奔西跑
8426,劳心焦思
8427,练兵秣马
8428,买东买西
8429,戴笠乘车
8430,敛色屏气
8431,讲古论今
8432,高谈雄辩
8433,踔厉风发
8434,鄙夷不屑
8435,草行露宿
8436,论千论万
8437,拨嘴撩牙
8438,层见叠出
8439,戮力一心
8440,拜将封侯
8441,夺眶而出
8442,绝子绝孙
8443,说黑道白
8444,麻痹不仁
8445,骂天咒地
8446,赌咒发誓
8447,瞒神弄鬼
8448,恋酒迷花
8449,疚心疾首
8450,添枝接叶
8451,欺大压小
8452,欺君罔上
8453,诳时惑众
8454,欺公罔法
8455,引绳排根
8456,口轻舌薄
8457,败国丧家
8458,东飘西荡
8459,时和年丰
8460,眉语目笑
8461,救急扶伤
8462,手挥目送
8463,开疆辟土
8464,尽心尽力
8465,动心忍性
8466,恐后争先
8467,洒洒潇潇
8468,万死一生
8469,口干舌燥
8470,高义薄云
8471,唇焦口燥
8472,骨腾肉飞
8473,呼天唤地
8474,怆地呼天
8475,东遮西掩
8476,假痴假呆
8477,楞手楞脚
8478,裸袖揎拳
8479,攞袖揎拳
8480,嚎天动地
8481,暧昧不明
8482,低头耷脑
8483,东躲西藏
8484,东瞧西望
8485,东碰西撞
8486,三跪九叩
8487,安生服业
8488,揎拳掳袖
8489,落英缤纷
8490,燕尔新婚
8491,山长水远
8492,虎斗龙争
8493,狂风骤雨
8494,纳新吐故
8495,径一周三
8496,买贱卖贵
8497,独来独往
8498,敛声屏气
8499,虎头燕颔
8500,鸡鸣狗吠
8501,流光瞬息
8502,兵精粮足
8503,显亲扬名
8504,不仁不义
8505,鼓唇弄舌
8506,论长道短
8507,道长论短
8508,鲸吞蚕食
8509,舞笔弄文
8510,离本趣末
8511,篡位夺权
8512,诡秘莫测
8513,瞒天瞒地
8514,疾声厉色
8515,枯本竭源
8516,指东画西
8517,打情卖笑
8518,好酒贪杯
8519,两意三心
8520,轻歌曼舞
8521,降尊纡贵
8522,聆音察理
8523,沉思熟虑
8524,明婚正娶
8525,明婚正配
8526,怜贫恤老
8527,怜贫惜老
8528,开基创业
8529,小惩大诫
8530,揣时度力
8531,国富兵强
8532,保国安民
8533,东挪西借
8534,东挪西凑
8535,笔伐口诛
8536,六臂三头
8537,枕山栖谷
8538,救困扶危
8539,落雁沉鱼
8540,返朴归真
8541,巢居穴处
8542,舞文弄法
8543,变名易姓
8544,东偷西摸
8545,人微权轻
8546,三头两面
8547,大红大紫
8548,物是人非
8549,镂骨铭心
8550,生荣死哀
8551,雕龙画凤
8552,搽脂抹粉
8553,东拦西阻
8554,质疑问难
8555,酒醉饭饱
8556,四亭八当
8557,安内攘外
8558,蚕食鲸吞
8559,同心戮力
8560,安常处顺
8561,轻虑浅谋
8562,一草一木
8563,激昂慷慨
8564,持筹握算
8565,昼伏夜行
8566,安富恤贫
8567,比权量力
8568,刻章琢句
8569,出将入相
8570,济弱扶倾
8571,改名换姓
8572,拔新领异
8573,材大难用
8574,离奇古怪
8575,人多口杂
8576,一岁三迁
8577,擦脂抹粉
8578,擦拳磨掌
8579,荣宗耀祖
8580,昏迷不醒
8581,半生不熟
8582,半新不旧
8583,前思后想
8584,沐雨栉风
8585,风急浪高
8586,露宿风餐
8587,鼎新革故
8588,涤故更新
8589,杜口吞声
8590,陆离斑驳
8591,无思无虑
8592,餐风沐雨
8593,才疏志大
8594,才疏意广
8595,翠绕珠围
8596,风鬟雨鬓
8597,雪虐风饕
8598,挨肩搭背
8599,陆离光怪
8600,三头两绪
8601,舌剑唇枪
8602,百依百随
8603,七颠八倒
8604,忽冷忽热
8605,不文不武
8606,手高眼低
8607,没头没脸
8608,跋扈自恣
8609,饮水啜菽
8610,小往大来
8611,逆道乱常
8612,规矩准绳
8613,卖乖弄俏
8614,衣租食税
8615,胆战心寒
8616,娇皮嫩肉
8617,心浮气盛
8618,篡党夺权
8619,极恶穷凶
8620,欺君误国
8621,眠花宿柳
8622,词穷理屈
8623,低头哈腰
8624,恬淡无为
8625,历历落落
8626,钓名欺世
8627,智尽能索
8628,拜鬼求神
8629,欺善怕恶
8630,霸道横行
8631,无根无蒂
8632,灭门绝户
8633,放荡形骸
8634,依草附木
8635,掩目捕雀
8636,拣精拣肥
8637,打鸡骂狗
8638,惊魂动魄
8639,埋天怨地
8640,静言令色
8641,傲世轻物
8642,娇声娇气
8643,拘俗守常
8644,心谤腹非
8645,招蜂引蝶
8646,卖官卖爵
8647,质非文是
8648,握蛇骑虎
8649,不问不闻
8650,不僧不俗
8651,五心六意
8652,一定不易
8653,进本退末
8654,救焚拯溺
8655,多情多义
8656,齐心戮力
8657,驰魂夺魄
8658,风流潇洒
8659,警愦觉聋
8660,安良除暴
8661,抑强扶弱
8662,廓达大度
8663,裁云剪水
8664,苦尽甜来
8665,磊瑰不羁
8666,知疼着痒
8667,双宿双飞
8668,整军经武
8669,搅海翻江
8670,遏恶扬善
8671,褒善贬恶
8672,口直心快
8673,心宽体胖
8674,敬老尊贤
8675,抱子弄孙
8676,分甘共苦
8677,一德一心
8678,心长发短
8679,养生送死
8680,先声后实
8681,傲霜斗雪
8682,你追我赶
8683,瓦解土崩
8684,逞强好胜
8685,存亡继绝
8686,沿波讨源
8687,镂心刻骨
8688,独往独来
8689,逍遥自得
8690,三平二满
8691,若存若亡
8692,满不在意
8693,安家乐业
8694,搓手顿足
8695,鸡飞狗叫
8696,狼号鬼哭
8697,混混沌沌
8698,雨卧风餐
8699,怪声怪气
8700,逞强称能
8701,坑蒙拐骗
8702,秉公灭私
8703,揆理度情
8704,呼朋唤友
8705,著书立说
8706,家给民足
8707,齿白唇红
8708,几次三番
8709,更深夜静
8710,春去秋来
8711,连日连夜
8712,一时三刻
8713,彻里彻外
8714,两次三番
8715,活神活现
8716,丢魂失魄
8717,江东父老
8718,三宫六院
8719,精金美玉
8720,楚界汉河
8721,一双两好
8722,鸿毛泰山
8723,风俗人情
8724,高文典册
8725,酒余茶后
8726,贩夫走卒
8727,马上墙头
8728,飞灾横祸
8729,一时半晌
8730,绿鬓朱颜
8731,三差五错
8732,柳市花街
8733,孤儿寡妇
8734,旷夫怨女
8735,六街三市
8736,风土人情
8737,九行八业
8738,遗闻轶事
8739,来因去果
8740,一男半女
8741,盲风暴雨
8742,画栋雕梁
8743,碧海青天
8744,久安长治
8745,千端万绪
8746,踞虎盘龙
8747,阔论高谈
8748,眉头眼尾
8749,浪蝶狂蜂
8750,民膏民脂
8751,命蹇时乖
8752,狂涛骇浪
8753,烈火干柴
8754,柳影花阴
8755,后生小子
8756,对头冤家
8757,暗室屋漏
8758,一长二短
8759,七病八痛
8760,长命百岁
8761,宏才大略
8762,狂蜂浪蝶
8763,比翼连枝
8764,巾帼须眉
8765,孝子顺孙
8766,琪花瑶草
8767,冬温夏凊
8768,浑浑沌沌
8769,沉声静气
8770,颠来簸去
8771,千秋万岁
8772,枯木朽株
8773,加油加醋
8774,家败人亡
8775,彼众我寡
8776,成王败寇
8777,秋月春风
8778,山光水色
8779,解铃系铃
8780,玉液金浆
8781,玉液琼浆
8782,越瘦秦肥
8783,贝阙珠宫
8784,虎穴龙潭
8785,闲云孤鹤
8786,河清海晏
8787,竞今疏古
8788,珍禽异兽
8789,云龙风虎
8790,黑天半夜
8791,一言半语
8792,月明星稀
8793,蛮烟瘴雨
8794,五脏六腑
8795,鸡皮鹤发
8796,羽扇纶巾
8797,百岁千秋
8798,柳眉星眼
8799,酒绿灯红
8800,瓮牖绳枢
8801,丢人现眼
8802,血风肉雨
8803,蛮烟瘴雾
8804,龙头蛇尾
8805,棘地荆天
8806,马面牛头
8807,绿酒红灯
8808,毒蛇猛兽
8809,朽木死灰
8810,朽木粪土
8811,朽木粪墙
8812,断壁残垣
8813,拒虎进狼
8814,一龙一猪
8815,仗马寒蝉
8816,嘁嘁喳喳
8817,野草闲花
8818,怨家债主
8819,假门假事
8820,仙风道骨
8821,忠心赤胆
8822,月下花前
8823,乖嘴蜜舌
8824,熔今铸古
8825,公正廉洁
8826,民和年丰
8827,一分一毫
8828,青天白日
8829,日东月西
8830,齿亡舌存
8831,应天顺人
8832,安神定魄
8833,灰头土面
8834,富国强民
8835,半青半黄
8836,皓齿明眸
8837,揭地掀天
8838,连编累牍
8839,胡里胡涂
8840,道尽途穷
8841,焦眉苦脸
8842,燕瘦环肥
8843,昼耕夜诵
8844,尊师重道
8845,花颜月貌
8846,风虎云龙
8847,驴前马后
8848,更阑人静
8849,南去北来
8850,鸡飞狗跳
8851,没轻没重
8852,东零西碎
8853,公平合理
8854,一心一计
8855,桃红柳绿
8856,累牍连篇
8857,花香鸟语
8858,酒色财气
8859,明推暗就
8860,一字一珠
8861,花残月缺
8862,可心如意
8863,载舟覆舟
8864,南来北往
8865,继古开今
8866,嬉笑怒骂
8867,包羞忍耻
8868,爱生恶死
8869,男女老少
8870,男女老小
8871,男女老幼
8872,高楼大厦
8873,一言一行
8874,公子王孙
8875,白雪阳春
8876,来迎去送
8877,横眉冷眼
8878,楼阁台榭
8879,绿女红男
8880,一举一动
8881,得失成败
8882,流水落花
8883,金口玉牙
8884,甜言软语
8885,民贼独夫
8886,谋臣武将
8887,耆德硕老
8888,孝子慈孙
8889,嘉言善行
8890,张三李四
8891,匹夫匹妇
8892,丛山峻岭
8893,粗风暴雨
8894,人情冷暖
8895,邪魔外道
8896,文韬武略
8897,鸠车竹马
8898,三皇五帝
8899,雕章镂句
8900,航海梯山
8901,暗室逢灯
8902,尺水丈波
8903,不为已甚
8904,杯酒解怨
8905,蚌病成珠
8906,坐怀不乱
8907,无敌天下
8908,大旱望云
8909,倍道兼进
8910,夫荣妻贵
8911,把饭叫饥
8912,百思莫解
8913,贼去关门
8914,日下无双
8915,风行草偃
8916,茶饭无心
8917,狗吠非主
8918,寸有所长
8919,男唱女随
8920,富可敌国
8921,咫尺千里
8922,文以载道
8923,落叶知秋
8924,水清无鱼
8925,手到拈来
8926,百身莫赎
8927,漏泄春光
8928,成一家言
8929,略知一二
8930,参透机关
8931,一无所求
8932,化为泡影
8933,各从其志
8934,各为其主
8935,可见一斑
8936,别有心肝
8937,遁入空门
8938,不违农时
8939,不知利害
8940,如出一口
8941,恨相知晚
8942,不差上下
8943,不通水火
8944,不敢高攀
8945,授人以柄
8946,重操旧业
8947,并为一谈
8948,用尽心机
8949,昂头天外
8950,不敢问津
8951,削木为吏
8952,不相闻问
8953,茫无所知
8954,想望风采
8955,阐扬光大
8956,不辱使命
8957,不顾一切
8958,不知所可
8959,渺无影踪
8960,渺无踪影
8961,权衡轻重
8962,何足介意
8963,合二为一
8964,谬想天开
8965,助桀为恶
8966,畅所欲为
8967,传为佳话
8968,传为美谈
8969,拜倒辕门
8970,重睹天日
8971,共为唇齿
8972,重起炉灶
8973,不伤脾胃
8974,别无二致
8975,不知甘苦
8976,不关紧要
8977,不甘雌伏
8978,略识之无
8979,不经世故
8980,不可奈何
8981,惟利是命
8982,别有心肠
8983,作嫁衣裳
8984,不识起倒
8985,不识高低
8986,不知痛痒
8987,逐鹿中原
8988,急人之困
8989,不敢后人
8990,耻居人下
8991,不容置辩
8992,渺无音信
8993,放龙入海
8994,另辟蹊径
8995,别出新意
8996,拿腔作调
8997,渺无人踪
8998,打死老虎
8999,茫无边际
9000,渺无音讯
9001,直捣黄龙
9002,不愧下学
9003,发人深思
9004,转败为功
9005,耐人咀嚼
9006,挥汗如雨
9007,举国若狂
9008,没世不忘
9009,极目远望
9010,历历可见
9011,了若指掌
9012,倍道兼行
9013,呱呱坠地
9014,因敌取资
9015,转战千里
9016,泣下如雨
9017,垂手而得
9018,朝夕相处
9019,乘兴而来
9020,碍难从命
9021,好肉剜疮
9022,寂寂无闻
9023,直情径行
9024,当场出丑
9025,侈侈不休
9026,懊悔无及
9027,废然而返
9028,间不容缓
9029,因公假私
9030,对症发药
9031,慕名而来
9032,以手加额
9033,顺时而动
9034,坐筹帷幄
9035,爱如己出
9036,秘而不露
9037,满腹文章
9038,以人为镜
9039,乐不可言
9040,不药而愈
9041,无翼而飞
9042,不期而同
9043,以蚓投鱼
9044,燎如观火
9045,无庸置辩
9046,酩酊烂醉
9047,怏怏不乐
9048,怏怏不悦
9049,一至于此
9050,赞叹不已
9051,万里鹏程
9052,互相标榜
9053,北面称臣
9054,顺风使船
9055,秉公办理
9056,计日可待
9057,八面驶风
9058,桑榆暮景
9059,楚楚可人
9060,接踵而至
9061,分路扬镳
9062,十面埋伏
9063,聊以自娱
9064,耿耿于心
9065,鼎足而三
9066,五行并下
9067,乐而忘返
9068,搏手无策
9069,百尺竿头
9070,从天而下
9071,飒爽英姿
9072,顺天应人
9073,爽然若失
9074,博而不精
9075,以火救火
9076,诞妄不经
9077,茫然自失
9078,没可奈何
9079,没法奈何
9080,黯然无色
9081,月盈则食
9082,没计奈何
9083,以珠弹雀
9084,秀而不实
9085,以汤止沸
9086,以战去战
9087,以意为之
9088,以偏概全
9089,一日三省
9090,拥书百城
9091,廉而不刿
9092,白首穷经
9093,万古千秋
9094,满目凄凉
9095,嫣然一笑
9096,顺风吹火
9097,理之当然
9098,至亲骨肉
9099,楚楚动人
9100,以古喻今
9101,以管窥天
9102,趁水和泥
9103,因祸为福
9104,诺诺连声
9105,六道轮回
9106,龙马精神
9107,季孟之间
9108,林下风度
9109,腹背之毛
9110,覆车之鉴
9111,百二河山
9112,弥留之际
9113,古稀之年
9114,浃背汗流
9115,安身之地
9116,安身之处
9117,一字之师
9118,尺寸之功
9119,千金之子
9120,仓卒之际
9121,临别赠言
9122,临别赠语
9123,鼎足之势
9124,耳顺之年
9125,知命之年
9126,半部论语
9127,不测之祸
9128,亡国之音
9129,马上房子
9130,镜里观花
9131,马上看花
9132,蜗角之争
9133,芒芒苦海
9134,豺狐之心
9135,飞来横祸
9136,可乘之隙
9137,剥肤之痛
9138,不牧之地
9139,点头之交
9140,松乔之寿
9141,重生父母
9142,一世之雄
9143,忘年之交
9144,经验之谈
9145,竹马之交
9146,锦绣江山
9147,金石良言
9148,白首之心
9149,竹马之友
9150,看家本事
9151,看家本领
9152,百岁之好
9153,林下风气
9154,杯水之谢
9155,旷世奇才
9156,开山老祖
9157,开山鼻祖
9158,大家风范
9159,再造之恩
9160,架海金梁
9161,百二山河
9162,庐山真面
9163,庐山面目
9164,酒肉兄弟
9165,没毛大虫
9166,胯下蒲伏
9167,钻火得冰
9168,绿林豪客
9169,绿林豪杰
9170,绿林大盗
9171,绿林强盗
9172,空心汤圆
9173,救焚益薪
9174,救焚投薪
9175,市井之徒
9176,疗疮剜肉
9177,乘热打铁
9178,百丈竿头
9179,月晕而风
9180,以夷制夷
9181,以夷伐夷
9182,马上功成
9183,草莽英雄
9184,浩然之气
9185,梨园弟子
9186,例行差事
9187,笼中之鸟
9188,江洋大盗
9189,绩学之士
9190,大好河山
9191,溢美之言
9192,百世之师
9193,万应灵药
9194,月下老人
9195,朝野上下
9196,兵贵先声
9197,骨肉相残
9198,八字打开
9199,命若悬丝
9200,春雨如油
9201,名下无虚
9202,呼吸相通
9203,逼不得已
9204,身首异处
9205,朝不及夕
9206,恩威并行
9207,各自为战
9208,饿虎吞羊
9209,鼻息如雷
9210,宠辱若惊
9211,百无一用
9212,进退无路
9213,梦魂颠倒
9214,晚节不终
9215,良莠不分
9216,举止失措
9217,傲骨嶙嶙
9218,计上心来
9219,自出机杼
9220,白头到老
9221,比翼齐飞
9222,思如涌泉
9223,才识过人
9224,才气无双
9225,号令如山
9226,名利双收
9227,口尚乳臭
9228,群蚁附膻
9229,汗流满面
9230,脉脉相通
9231,军法从事
9232,鸾凤分飞
9233,一毫不差
9234,一笑了之
9235,家学渊源
9236,口角生风
9237,自讨没趣
9238,话中带刺
9239,一走了之
9240,老婆当军
9241,渔人得利
9242,明珠弹雀
9243,肝胆照人
9244,百年偕老
9245,冰寒于水
9246,各取所需
9247,弦外有音
9248,少不经事
9249,鸠占鹊巢
9250,危机四伏
9251,壮士解腕
9252,天女散花
9253,衣钵相传
9254,万口一辞
9255,风雪交加
9256,语不惊人
9257,半截入土
9258,马不解鞍
9259,半筹莫展
9260,理所必然
9261,犬牙相错
9262,老妪能解
9263,白发苍颜
9264,面如傅粉
9265,苍髯如戟
9266,心如古井
9267,痛心入骨
9268,将遇良才
9269,盛名难副
9270,矮子看戏
9271,悬鹑百结
9272,苦不可言
9273,表里为奸
9274,忧心如捣
9275,心如死灰
9276,存心不良
9277,五色无主
9278,画虎不成
9279,百无一成
9280,爱才若渴
9281,鼓乐齐鸣
9282,语妙天下
9283,精彩逼人
9284,相知恨晚
9285,目光如炬
9286,班班可考
9287,守身如玉
9288,名震一时
9289,悬河泻水
9290,上下一心
9291,一举千里
9292,一面如旧
9293,影形不离
9294,一日万里
9295,财迷心窍
9296,悔之不及
9297,入土为安
9298,兹事体大
9299,各就各位
9300,脚不点地
9301,色若死灰
9302,灯蛾扑火
9303,红豆相思
9304,大地回春
9305,旱苗得雨
9306,骨肉离散
9307,烟云过眼
9308,安危相易
9309,口耳相传
9310,驹光过隙
9311,宾朋满座
9312,虎入羊群
9313,苍蝇见血
9314,岁月蹉跎
9315,男女有别
9316,佳人薄命
9317,齿牙为祸
9318,老王卖瓜
9319,梦想颠倒
9320,好梦难圆
9321,椿萱并茂
9322,薄技在身
9323,老有所终
9324,策无遗算
9325,晋用楚材
9326,春色撩人
9327,疾病相扶
9328,泥船渡河
9329,反水不收
9330,荆棘塞途
9331,车在马前
9332,兵无常势
9333,骨肉未寒
9334,尺有所短
9335,妇姑勃谿
9336,流水无情
9337,直言贾祸
9338,长夜难明
9339,蚁穴溃堤
9340,侏儒观戏
9341,苍生涂炭
9342,政由己出
9343,狗拿耗子
9344,悲歌慷慨
9345,告贷无门
9346,白骨露野
9347,彩云易散
9348,庖丁解牛
9349,得道多助
9350,猛虎插翅
9351,猛虎添翼
9352,珠还合浦
9353,一字千钧
9354,习俗移性
9355,时不再来
9356,人非木石
9357,四郊多垒
9358,俭以养廉
9359,一字不易
9360,棒打鸳鸯
9361,兵行诡道
9362,星火燎原
9363,枝叶扶疏
9364,春满人间
9365,文人相轻
9366,虎落平川
9367,负弩前驱
9368,回黄转绿
9369,发财致富
9370,奔走呼号
9371,立身扬名
9372,隐居求志
9373,邀功求赏
9374,临危授命
9375,逢人说项
9376,逼良为娼
9377,假途灭虢
9378,器小易盈
9379,发家致富
9380,避凶趋吉
9381,避俗趋新
9382,卖主求荣
9383,泥多佛大
9384,知命不忧
9385,喘息未定
9386,密不通风
9387,鸡争鹅斗
9388,知人论世
9389,峰回路转
9390,狂轰滥炸
9391,时移俗易
9392,残民害物
9393,声罪致讨
9394,椒焚桂折
9395,仰观俯察
9396,迁思回虑
9397,东搜西罗
9398,典身卖命
9399,长命富贵
9400,铄石流金
9401,抱屈衔冤
9402,月缺花残
9403,目指气使
9404,描神画鬼
9405,叩心泣血
9406,狂嫖滥赌
9407,戟指嚼舌
9408,鞠躬屏气
9409,坏法乱纪
9410,不稼不穑
9411,纡尊降贵
9412,显微阐幽
9413,天平地成
9414,善颂善祷
9415,据高临下
9416,东逃西窜
9417,云开见日
9418,合情合理
9419,节哀顺变
9420,会少离多
9421,进德修业
9422,朝云暮雨
9423,鸾飘凤泊
9424,飘瓦虚舟
9425,拾遗补阙
9426,福善祸淫
9427,鸣冤叫屈
9428,访亲问友
9429,从俗就简
9430,雾鬓风鬟
9431,明抢暗偷
9432,贱目贵耳
9433,扯旗放炮
9434,分工合作
9435,敦本务实
9436,多灾多难
9437,心织笔耕
9438,填坑满谷
9439,风潇雨晦
9440,好丹非素
9441,附赘悬疣
9442,钩爪锯牙
9443,吸风饮露
9444,迎风待月
9445,移气养体
9446,三推六问
9447,沥胆披肝
9448,风鬟雾鬓
9449,填街塞巷
9450,好谋善断
9451,撞头磕脑
9452,倚门傍户
9453,一成一旅
9454,乌白马角
9455,上漏下湿
9456,耸肩曲背
9457,神焦鬼烂
9458,伤筋动骨
9459,描头画角
9460,蔑伦悖理
9461,卖儿贴妇
9462,嫉贤妒能
9463,悱恻缠绵
9464,剥皮抽筋
9465,智圆行方
9466,正心诚意
9467,直内方外
9468,斩将搴旗
9469,先忧后乐
9470,虚往实归
9471,握瑜怀瑾
9472,纬武经文
9473,士饱马腾
9474,清新俊逸
9475,谦恭下士
9476,粮多草广
9477,镂冰雕琼
9478,阐幽明微
9479,除邪惩恶
9480,聪明正直
9481,超凡出世
9482,抱诚守真
9483,楞眉横眼
9484,苍白无力
9485,口传心授
9486,铁画银钩
9487,大吉大利
9488,全始全终
9489,浮瓜沉李
9490,由此及彼
9491,尽多尽少
9492,泪迸肠绝
9493,白发青衫
9494,景星庆云
9495,美人香草
9496,连枝比翼
9497,风风雨雨
9498,饮食男女
9499,清尘浊水
9500,甘瓜苦蒂
9501,龙鸣狮吼
9502,龟毛兔角
9503,离鸾别凤
9504,孤云野鹤
9505,妙言要道
9506,离情别绪
9507,鸾俦凤侣
9508,辞多受少
9509,天与人归
9510,斗米尺布
9511,柳泣花啼
9512,绵力薄材
9513,没里没外
9514,柳折花残
9515,枯株朽木
9516,尖言尖语
9517,艰难曲折
9518,孤魂野鬼
9519,龙韬豹略
9520,剑胆琴心
9521,端人正士
9522,聪明智慧
9523,一饮一啄
9524,残编断简
9525,堆山积海
9526,瘴雨蛮烟
9527,青鞋布袜
9528,明月清风
9529,源清流洁
9530,知易行难
9531,奇技淫巧
9532,一点半点
9533,小国寡民
9534,诸子百家
9535,列祖列宗
9536,飞禽走兽
9537,柳烟花雾
9538,浮花浪蕊
9539,羊质虎皮
9540,一薰一莸
9541,象箸玉杯
9542,来鸿去燕
9543,倔头强脑
9544,短寿促命
9545,迟眉钝眼
9546,芝兰玉树
9547,皲手茧足
9548,钢筋铁骨
9549,春风夏雨
9550,连根带梢
9551,悯时病俗
9552,拱肩缩背
9553,潦原浸天
9554,一点一滴
9555,霁风朗月
9556,日升月恒
9557,翻空出奇
9558,晨钟暮鼓
9559,翻肠搅肚
9560,一字一句
9561,没眉没眼
9562,安心乐意
9563,柳绿花红
9564,千门万户
9565,木雕泥塑
9566,绿暗红稀
9567,熟读深思
9568,一年一度
9569,冬扇夏炉
9570,吹弹歌舞
9571,内查外调
9572,谗言佞语
9573,身体发肤
9574,低声细语
9575,浮语虚辞
9576,进退存亡
9577,大起大落
9578,食租衣税
9579,加减乘除
9580,百卉千葩
9581,存亡安危
9582,劳形苦心
9583,三媒六证
9584,是是非非
9585,要言妙道
9586,怨女旷夫
9587,池鱼笼鸟
9588,竹头木屑
9589,善自为谋
9590,雁默先烹
9591,先我着鞭
9592,无师自通
9593,似曾相识
9594,富贵浮云
9595,盗亦有道
9596,有教无类
9597,头痒搔跟
9598,舍我其谁
9599,斗酒百篇
9600,渺渺茫茫
9601,不值一哂
9602,倒绷孩儿
9603,邈如旷世
9604,收回成命
9605,不知其详
9606,不知端倪
9607,洞见症结
9608,不胜其任
9609,不胜其苦
9610,不饮盗泉
9611,不足与谋
9612,如拾地芥
9613,分我杯羹
9614,如弃敝屣
9615,踏破铁鞋
9616,游戏人间
9617,贻误军机
9618,放马后炮
9619,戴高帽子
9620,不如归去
9621,不得其所
9622,搔着痒处
9623,连中三元
9624,不忘沟壑
9625,仰人眉睫
9626,听人穿鼻
9627,乱作一团
9628,不知肉味
9629,不食周粟
9630,笃定泰山
9631,路见不平
9632,变生不测
9633,乘其不意
9634,澄清天下
9635,毫厘千里
9636,好自为之
9637,易地而处
9638,历历在耳
9639,慷慨悲歌
9640,笔下超生
9641,咸与维新
9642,眼中有铁
9643,汲汲顾影
9644,侧足而立
9645,不足为虑
9646,直道而行
9647,君子好逑
9648,代人捉刀
9649,从容应对
9650,以水投水
9651,翻然改图
9652,百般奉承
9653,以文会友
9654,风雨不改
9655,以汤沃雪
9656,在官言官
9657,痛饮黄龙
9658,一天星斗
9659,信笔涂鸦
9660,以一奉百
9661,以石投水
9662,以水济水
9663,以疏间亲
9664,未能免俗
9665,因事制宜
9666,勇猛精进
9667,一饭千金
9668,为国捐躯
9669,同盘而食
9670,立时三刻
9671,浑身解数
9672,匠门弃材
9673,八方风雨
9674,饮河满腹
9675,六月飞霜
9676,犬吠之警
9677,唇齿之邦
9678,问罪之师
9679,末路之难
9680,尺寸之地
9681,长久之计
9682,西方净国
9683,出头之日
9684,九天仙女
9685,父母之邦
9686,方寸之地
9687,文武之道
9688,天生尤物
9689,一抔黄土
9690,锦囊佳句
9691,儿女亲家
9692,不羁之民
9693,一字长城
9694,长江天堑
9695,过江之鲫
9696,逐臭之夫
9697,一场春梦
9698,门户之争
9699,狐狸尾巴
9700,独立王国
9701,豺狼之吻
9702,暧昧之情
9703,名士风流
9704,一介之士
9705,洛阳才子
9706,眷眷之心
9707,经济之才
9708,经国之才
9709,黄花晚节
9710,干父之蛊
9711,百代文宗
9712,近火先焦
9713,风流罪过
9714,冢中枯骨
9715,一国三公
9716,没头苍蝇
9717,冷血动物
9718,淮王鸡狗
9719,后台老板
9720,狗皮膏药
9721,黄金时间
9722,入门问讳
9723,世代书香
9724,欢喜冤家
9725,一切众生
9726,米粒之珠
9727,斫轮老手
9728,一片冰心
9729,常胜将军
9730,蔼然仁者
9731,江湖骗子
9732,竿头日进
9733,富贵骄人
9734,臣心如水
9735,森罗万象
9736,富贵逼人
9737,名噪一时
9738,攻心为上
9739,开合自如
9740,江山如画
9741,燕雀相贺
9742,冤冤相报
9743,殃及池鱼
9744,竖子成名
9745,渐不可长
9746,旧病复发
9747,百无一能
9748,纳谏如流
9749,风流千古
9750,鼠凭社贵
9751,假戏真做
9752,夫子自道
9753,一吐为快
9754,笔扫千军
9755,食宿相兼
9756,气焰熏天
9757,悲从中来
9758,造车合辙
9759,诗中有画
9760,口不择言
9761,磨刀霍霍
9762,项背相望
9763,冶容诲淫
9764,泰山压卵
9765,狗屁不通
9766,八面圆通
9767,龙蛇混杂
9768,水木清华
9769,逝者如斯
9770,波涛汹涌
9771,鹬蚌相持
9772,势倾朝野
9773,老大无成
9774,狗彘不食
9775,纸落云烟
9776,阳春有脚
9777,胸无宿物
9778,和气生财
9779,淮橘为枳
9780,三人为众
9781,国将不国
9782,贿赂公行
9783,戛然而止
9784,红旗报捷
9785,春梦无痕
9786,财不露白
9787,父债子还
9788,家无二主
9789,流星赶月
9790,谬以千里
9791,鸱鸮弄舌
9792,兵多者败
9793,浮云蔽日
9794,龙凤呈祥
9795,耳根清净
9796,众怒难犯
9797,五子登科
9798,一字褒贬
9799,桂子飘香
9800,吴牛喘月
9801,马捉老鼠
9802,猫哭老鼠
9803,祸在旦夕
9804,愁云惨淡
9805,母以子贵
9806,十有八九
9807,一元复始
9808,竹报平安
9809,红杏出墙
9810,此恨绵绵
9811,近亲繁殖
9812,画中有诗
9813,妇人之仁
