,Chengyu,Appearances
0,以一知万,1
1,牙牙学语,2
2,永矢弗谖,1
3,迎来送往,3
4,同心合力,14
5,贪心不足,1
6,退思补过,1
7,慎终追远,14
8,慎终如始,89
9,神州陆沉,6
10,食指大动,1
11,事预则立,19
12,夙夜在公,19
13,胜友如云,1
14,书声琅琅,11
15,恃强凌弱,5
16,数见不鲜,1
17,水火之中,1
18,身怀六甲,1
19,师道尊严,1
20,树德务滋,1
21,势不可挡,36
22,仁义道德,2
23,人事代谢,1
24,如临深渊,8
25,人欢马叫,1
26,如鲠在喉,2
27,齐心合力,1
28,迁怒于人,1
29,取精用弘,1
30,裙带关系,3
31,偏信则暗,1
32,难以为继,19
33,年逾古稀,1
34,内省不疚,1
35,能不称官,1
36,妙手偶得,1
37,莫此为甚,1
38,荦荦大端,1
39,来处不易,4
40,利不亏义,1
41,九天揽月,8
42,积水成渊,6
43,荆棘载途,1
44,回光返照,2
45,祸福相依,1
46,惠风和畅,1
47,国无宁日,1
48,瓜瓞绵绵,1
49,非我族类,1
50,俯首帖耳,2
51,恶有恶报,2
52,恩德如山,1
53,定于一尊,6
54,堤溃蚁穴,3
55,登高望远,40
56,斗而铸锥,1
57,重峦叠嶂,1
58,橙黄橘绿,1
59,春回大地,7
60,传道受业,1
61,踟蹰不前,4
62,不拔之志,2
63,下车伊始,2
64,精卫填海,3
65,毁家纾难,1
66,夙夜匪懈,1
67,不经之谈,1
68,不二法门,5
69,见贤思齐,45
70,茕茕孑立,1
71,安身立命,28
72,反求诸己,2
73,窥豹一斑,1
74,瓦釜雷鸣,1
75,筚路蓝缕,52
76,如臂使指,3
77,弹冠相庆,1
78,甚嚣尘上,21
79,大而化之,10
80,魑魅魍魉,1
81,沐猴而冠,2
82,韦编三绝,1
83,伊于胡底,1
84,鞭辟入里,4
85,见猎心喜,2
86,间不容发,1
87,如芒在背,1
88,胼手胝足,22
89,积年累月,1
90,予取予求,1
91,怙恶不悛,1
92,坐言起行,1
93,嘉言懿行,3
94,视民如伤,3
95,掠人之美,1
96,上下其手,1
97,止于至善,7
98,令人齿冷,3
99,一以贯之,202
100,新发于硎,3
101,如椽大笔,1
102,陈言务去,1
103,进退失据,4
104,力透纸背,4
105,笙磬同音,1
106,尝鼎一脔,1
107,乐以忘忧,2
108,明日黄花,2
109,殷鉴不远,6
110,美轮美奂,1
111,徒托空言,2
112,升堂入室,1
113,天涯比邻,2
114,遗世独立,1
115,人亡政息,3
116,望秋先零,1
117,渴而穿井,1
118,梯山航海,1
119,吹影镂尘,1
120,朝乾夕惕,3
121,守望相助,247
122,念兹在兹,25
123,放辟邪侈,1
124,春和景明,5
125,敬老慈幼,1
126,半丝半缕,5
127,亘古亘今,2
128,不可移易,1
129,不舍昼夜,20
130,仆仆风尘,1
131,以一持万,1
132,安于一隅,1
133,涣然冰释,1
134,皓首穷经,1
135,发愤忘食,1
136,鲍鱼之肆,1
137,不测之忧,2
138,从善如登,3
139,韬光养晦,1
140,来者可追,2
141,驽马十驾,2
142,人神共愤,3
143,丑态毕露,1
144,合浦珠还,1
145,案牍劳形,1
146,冯唐易老,2
147,刮垢磨光,1
148,节用裕民,11
149,临池学书,1
150,扼腕叹息,3
151,讲信修睦,3
152,云谲波诡,2
153,明刑弼教,1
154,朝斯夕斯,1
155,克己复礼,1
156,齐家治国,3
157,近悦远来,2
158,厚德载物,7
159,敬业乐群,2
160,无偏无党,1
161,昂霄耸壑,1
162,高岸深谷,1
163,民胞物与,5
164,黄钟大吕,5
165,名缰利锁,3
166,多端寡要,1
167,怪力乱神,1
168,草长莺飞,2
169,荆棘铜驼,1
170,秕言谬说,1
171,躬逢其盛,1
172,和而不同,44
173,作如是观,1
174,击楫中流,2
175,光复旧物,7
176,利用厚生,1
177,一瓣心香,1
178,临事而惧,1
179,明德惟馨,3
180,蒲柳之姿,1
181,读书种子,11
182,哲人其萎,1
183,桴鼓相应,1
184,和气致祥,5
185,铸剑为犁,5
186,鸿鹄将至,1
187,止戈为武,2
188,折戟沉沙,1
189,一鸣惊人,4
190,沾沾自喜,8
191,不寒而栗,2
192,老当益壮,1
193,穷凶极恶,6
194,死灰复燃,10
195,夜郎自大,4
196,见利忘义,3
197,多多益善,1
198,独当一面,2
199,破釜沉舟,4
200,后来居上,4
201,高风亮节,8
202,安居乐业,129
203,一举两得,3
204,得心应手,1
205,起死回生,2
206,见异思迁,1
207,外强中干,1
208,日暮途穷,1
209,有备无患,26
210,有名无实,2
211,临危不惧,22
212,倒行逆施,25
213,幸灾乐祸,6
214,两袖清风,3
215,前功尽弃,43
216,明察秋毫,2
217,出尔反尔,56
218,一毛不拔,3
219,水深火热,2
220,曲高和寡,1
221,九死一生,7
222,墨守成规,5
223,纸上谈兵,10
224,同流合污,2
225,四分五裂,7
226,狐假虎威,1
227,花言巧语,3
228,脚踏实地,149
229,胸有成竹,4
230,明目张胆,17
231,口蜜腹剑,2
232,走马观花,21
233,司空见惯,4
234,双管齐下,2
235,道听途说,2
236,乘风破浪,131
237,一筹莫展,2
238,黑白分明,2
239,迫不得已,1
240,沧海一粟,3
241,孤注一掷,5
242,出类拔萃,2
243,得过且过,15
244,囫囵吞枣,7
245,痴人说梦,9
246,忍辱负重,3
247,如鱼得水,3
248,死不瞑目,5
249,赤膊上阵,11
250,不识时务,1
251,半途而废,12
252,力不从心,1
253,望尘莫及,1
254,入木三分,3
255,嫁祸于人,6
256,刮目相看,83
257,视死如归,36
258,抱残守缺,3
259,义无反顾,131
260,背水一战,12
261,势如破竹,7
262,一败涂地,3
263,各得其所,3
264,赴汤蹈火,13
265,一诺千金,18
266,口若悬河,2
267,信口雌黄,14
268,杯弓蛇影,4
269,管中窥豹,2
270,华而不实,16
271,不卑不亢,5
272,按图索骥,2
273,尽善尽美,3
274,畏首畏尾,21
275,言不由衷,5
276,唯利是图,5
277,叶公好龙,1
278,名列前茅,16
279,退避三舍,3
280,尔虞我诈,3
281,三令五申,8
282,断章取义,7
283,一朝一夕,23
284,高枕无忧,12
285,事半功倍,19
286,自相矛盾,15
287,不学无术,1
288,名正言顺,1
289,人杰地灵,2
290,目不识丁,1
291,机不可失,1
292,飞黄腾达,1
293,画龙点睛,1
294,后顾之忧,71
295,巧取豪夺,7
296,一笔勾销,1
297,一箭双雕,1
298,过河拆桥,1
299,利令智昏,2
300,朝三暮四,1
301,开天辟地,31
302,掩耳盗铃,5
303,守株待兔,3
304,揠苗助长,2
305,防患未然,9
306,不可多得,2
307,先见之明,1
308,巧夺天工,1
309,不胫而走,1
310,百折不挠,87
311,投笔从戎,1
312,乐不可支,1
313,东山再起,2
314,不求甚解,7
315,世外桃源,7
316,言过其实,1
317,手不释卷,1
318,惊天动地,43
319,劳而无功,1
320,口是心非,8
321,目空一切,1
322,异口同声,1
323,轻而易举,14
324,诚心诚意,15
325,痴心妄想,13
326,涂脂抹粉,5
327,不平则鸣,1
328,山穷水尽,2
329,水涨船高,14
330,一视同仁,37
331,饱经风霜,8
332,摇旗呐喊,9
333,寸步难行,16
334,四平八稳,1
335,措手不及,2
336,默默无闻,26
337,穿针引线,7
338,别出心裁,1
339,见风使舵,3
340,战战兢兢,2
341,头重脚轻,2
342,美不胜收,1
343,人云亦云,9
344,千言万语,4
345,三思而行,1
346,弱肉强食,19
347,触景生情,1
348,喧宾夺主,1
349,任重道远,74
350,锦上添花,5
351,青黄不接,5
352,喋喋不休,5
353,高谈阔论,2
354,谈笑风生,2
355,乘人之危,5
356,强词夺理,4
357,波澜壮阔,207
358,对症下药,69
359,茅塞顿开,1
360,光明磊落,10
361,显而易见,25
362,天翻地覆,28
363,另起炉灶,13
364,东张西望,1
365,吹毛求疵,2
366,捕风捉影,11
367,咬文嚼字,1
368,孤芳自赏,1
369,一言九鼎,1
370,扶摇直上,5
371,避重就轻,13
372,单枪匹马,2
373,无可奈何,2
374,溜之大吉,1
375,齐心协力,173
376,同甘共苦,58
377,一目了然,13
378,舍己为人,8
379,一成不变,20
380,一网打尽,1
381,满载而归,4
382,斩钉截铁,5
383,照本宣科,14
384,不劳而获,2
385,一目十行,2
386,殊途同归,1
387,登峰造极,2
388,宁死不屈,9
389,百年大计,18
390,集思广益,38
391,长驱直入,1
392,一鼓作气,102
393,无能为力,7
394,不毛之地,4
395,横行霸道,3
396,随机应变,2
397,明明白白,9
398,虚情假意,1
399,至高无上,18
400,五光十色,2
401,苦心经营,2
402,欢天喜地,1
403,身败名裂,4
404,饥不择食,1
405,千载难逢,16
406,念念不忘,12
407,源远流长,42
408,顶天立地,14
409,形形色色,38
410,无所适从,9
411,万无一失,18
412,铤而走险,10
413,兴师动众,1
414,绰绰有余,1
415,积少成多,2
416,兴风作浪,29
417,借题发挥,6
418,改头换面,6
419,因势利导,23
420,无中生有,12
421,天花乱坠,3
422,虚张声势,4
423,和盘托出,1
424,一团和气,6
425,瞻前顾后,8
426,养尊处优,1
427,放任自流,9
428,背井离乡,1
429,四通八达,9
430,不屈不挠,53
431,切肤之痛,2
432,正大光明,1
433,迫不及待,8
434,众口难调,1
435,势不可当,4
436,不可收拾,4
437,不可思议,7
438,身不由己,3
439,虎头蛇尾,13
440,左右为难,2
441,迫在眉睫,18
442,举足轻重,24
443,扬眉吐气,7
444,贪得无厌,3
445,其貌不扬,1
446,成人之美,1
447,别开生面,6
448,左右逢源,7
449,心心相印,33
450,人浮于事,1
451,大有作为,51
452,问心无愧,3
453,改邪归正,1
454,不谋而合,6
455,千钧一发,2
456,斤斤计较,5
457,背道而驰,35
458,理所当然,10
459,出生入死,3
460,卑躬屈膝,1
461,一孔之见,1
462,左顾右盼,1
463,得不偿失,12
464,望眼欲穿,1
465,鬼头鬼脑,1
466,同病相怜,1
467,强人所难,4
468,随波逐流,5
469,按部就班,6
470,袖手旁观,4
471,同归于尽,2
472,根深蒂固,30
473,土崩瓦解,1
474,千头万绪,30
475,不可一世,5
476,先斩后奏,1
477,草木皆兵,9
478,千变万化,1
479,空空如也,1
480,头头是道,3
481,妙手回春,1
482,细水长流,4
483,两全其美,1
484,飞沙走石,1
485,裹足不前,3
486,垂头丧气,1
487,水落石出,1
488,标新立异,1
489,不拘一格,16
490,相依为命,1
491,大刀阔斧,14
492,当机立断,8
493,自欺欺人,31
494,白日做梦,1
495,粗枝大叶,3
496,礼尚往来,3
497,呼风唤雨,1
498,精益求精,36
499,胡作非为,8
500,开门见山,4
501,狭路相逢,19
502,历历在目,6
503,里应外合,4
504,蛛丝马迹,1
505,充耳不闻,11
506,视而不见,50
507,志同道合,14
508,小心翼翼,7
509,投其所好,1
510,雷厉风行,30
511,继往开来,114
512,白手起家,10
513,恩将仇报,2
514,鸟语花香,12
515,引人入胜,6
516,首当其冲,10
517,心不在焉,2
518,有声有色,6
519,名不副实,3
520,绝处逢生,2
521,高不可攀,3
522,货真价实,1
523,望而生畏,4
524,水泄不通,2
525,不攻自破,23
526,迎刃而解,15
527,实事求是,286
528,饥寒交迫,2
529,喜出望外,2
530,一尘不染,2
531,不近人情,3
532,不足为奇,3
533,空前绝后,1
534,神魂颠倒,1
535,同舟共济,378
536,谈何容易,4
537,走投无路,3
538,称王称霸,1
539,麻木不仁,4
540,眼花缭乱,10
541,装模作样,1
542,唯唯诺诺,1
543,高人一等,11
544,有口无心,1
545,推心置腹,6
546,打退堂鼓,2
547,顾此失彼,19
548,面面俱到,2
549,不可救药,3
550,危在旦夕,1
551,粉墨登场,2
552,弱不禁风,2
553,泾渭分明,3
554,明火执仗,4
555,任人唯贤,21
556,有机可乘,3
557,燃眉之急,15
558,满腹经纶,1
559,含糊其辞,1
560,销声匿迹,7
561,不分彼此,4
562,千篇一律,6
563,百花齐放,41
564,来者不拒,1
565,好高骛远,4
566,与人为善,11
567,格格不入,21
568,大快人心,1
569,苦口婆心,1
570,轻描淡写,12
571,操之过急,3
572,日积月累,23
573,安分守己,1
574,一日千里,6
575,背信弃义,11
576,万紫千红,5
577,莫名其妙,4
578,无稽之谈,19
579,老马识途,1
580,骇人听闻,12
581,安如泰山,1
582,异曲同工,4
583,九牛一毛,1
584,百川归海,1
585,改过自新,1
586,论功行赏,2
587,从天而降,10
588,疾恶如仇,1
589,攀龙附凤,1
590,指鹿为马,7
591,鸿鹄之志,5
592,好大喜功,7
593,噤若寒蝉,1
594,草菅人命,1
595,尸位素餐,6
596,防微杜渐,21
597,取而代之,6
598,如坐针毡,3
599,侃侃而谈,2
600,众志成城,337
601,城下之盟,2
602,讳莫如深,3
603,包藏祸心,4
604,病入膏肓,1
605,后悔莫及,1
606,马首是瞻,3
607,疲于奔命,1
608,狼子野心,5
609,杞人忧天,2
610,刚愎自用,4
611,竭泽而渔,19
612,居安思危,77
613,捉襟见肘,7
614,卧薪尝胆,1
615,骄奢淫逸,1
616,举棋不定,2
617,亡羊补牢,7
618,游刃有余,3
619,一曝十寒,2
620,南辕北辙,10
621,奉公守法,1
622,旷日持久,5
623,缘木求鱼,8
624,刻舟求剑,7
625,三人成虎,2
626,井底之蛙,1
627,成竹在胸,5
628,水滴石穿,4
629,脍炙人口,8
630,爱屋及乌,1
631,呕心沥血,19
632,庸人自扰,2
633,模棱两可,2
634,宠辱不惊,2
635,沆瀣一气,10
636,功亏一篑,15
637,明哲保身,10
638,天经地义,22
639,白驹过隙,4
640,含沙射影,1
641,丧心病狂,14
642,奴颜婢膝,2
643,釜底抽薪,6
644,精忠报国,4
645,玩物丧志,1
646,八面威风,1
647,害群之马,9
648,为虎作伥,2
649,如意算盘,8
650,天衣无缝,1
651,越俎代庖,2
652,黔驴技穷,1
653,惊弓之鸟,1
654,鱼目混珠,3
655,火中取栗,7
656,杯水车薪,4
657,车水马龙,7
658,迷途知返,9
659,弃之可惜,1
660,兵贵神速,1
661,披荆斩棘,119
662,乐此不疲,6
663,渐入佳境,4
664,城狐社鼠,1
665,兢兢业业,33
666,后起之秀,3
667,风声鹤唳,3
668,功败垂成,1
669,穷兵黩武,6
670,偃旗息鼓,1
671,身先士卒,16
672,价值连城,1
673,崇洋媚外,2
674,数不胜数,13
675,马不停蹄,11
676,知难而退,1
677,盘根错节,3
678,如虎添翼,1
679,高朋满座,2
680,妖言惑众,1
681,玩火自焚,3
682,一息尚存,1
683,纲举目张,4
684,耳闻目睹,1
685,人所共知,2
686,无懈可击,2
687,虚无缥缈,12
688,名副其实,21
689,不肖子孙,1
690,死而后已,1
691,变幻莫测,4
692,前所未有,552
693,从容不迫,18
694,闻所未闻,2
695,不期而遇,9
696,参差不齐,3
697,不识好歹,1
698,心领神会,1
699,不知不觉,12
700,颠倒是非,16
701,转危为安,18
702,装聋作哑,4
703,熟视无睹,10
704,恍然大悟,1
705,掉以轻心,45
706,推己及人,4
707,信手拈来,1
708,不一而足,7
709,不计其数,9
710,顺理成章,2
711,知人善任,3
712,姑息养奸,1
713,彻头彻尾,9
714,无穷无尽,12
715,事与愿违,8
716,言之成理,1
717,各自为政,22
718,来日方长,1
719,人微言轻,1
720,词不达意,1
721,普天同庆,1
722,人之常情,6
723,人心所向,56
724,旁观者清,2
725,神乎其神,1
726,来龙去脉,13
727,事过境迁,1
728,言传身教,6
729,胡言乱语,4
730,因地制宜,184
731,胡说八道,3
732,煞费苦心,3
733,冒名顶替,3
734,盲人摸象,5
735,乘虚而入,11
736,风雨飘摇,5
737,不痛不痒,1
738,风云变幻,68
739,水到渠成,13
740,堂堂正正,16
741,令行禁止,42
742,量入为出,4
743,开诚布公,5
744,无恶不作,2
745,惹火烧身,1
746,热气腾腾,5
747,偷梁换柱,3
748,目瞪口呆,1
749,分庭抗礼,1
750,风雨同舟,105
751,卷土重来,11
752,快马加鞭,12
753,星罗棋布,5
754,作茧自缚,2
755,似是而非,5
756,休戚相关,17
757,浮光掠影,4
758,坐以待毙,1
759,坐吃山空,3
760,一心一意,23
761,删繁就简,5
762,肝胆相照,7
763,抛头露面,1
764,乌合之众,1
765,声泪俱下,1
766,发人深省,22
767,引狼入室,3
768,貌合神离,3
769,损人利己,6
770,舍近求远,2
771,大发雷霆,1
772,东拼西凑,3
773,跋山涉水,70
774,畅所欲言,5
775,口口声声,29
776,并驾齐驱,4
777,倾家荡产,1
778,例行公事,1
779,全军覆没,1
780,心猿意马,1
781,回头是岸,2
782,风流人物,3
783,津津有味,1
784,蠢蠢欲动,3
785,出神入化,1
786,枉费心机,17
787,一技之长,9
788,洁身自好,2
789,未老先衰,2
790,群策群力,34
791,忍气吞声,1
792,光明正大,3
793,安营扎寨,1
794,束之高阁,3
795,无所不至,1
796,寸草春晖,1
797,不自量力,8
798,弄巧成拙,3
799,出乎意外,1
800,突如其来,323
801,本来面目,1
802,井井有条,3
803,有口皆碑,4
804,浑然一体,3
805,雪上加霜,26
806,流连忘返,1
807,不以为然,7
808,不见经传,4
809,食不果腹,2
810,可有可无,4
811,刻不容缓,44
812,轰动一时,1
813,自然而然,22
814,一衣带水,2
815,泥沙俱下,12
816,山崩地裂,1
817,无人问津,2
818,不义之财,1
819,混为一谈,1
820,海市蜃楼,2
821,百感交集,1
822,人困马乏,2
823,权宜之计,23
824,不辞劳苦,5
825,不远万里,7
826,威风凛凛,1
827,独善其身,80
828,光彩夺目,5
829,奔走相告,1
830,不修边幅,1
831,嗤之以鼻,8
832,坐井观天,1
833,崇山峻岭,8
834,因循守旧,18
835,吃里扒外,1
836,天各一方,1
837,好为人师,1
838,风起云涌,14
839,喜形于色,1
840,蹉跎岁月,1
841,平分秋色,1
842,千方百计,132
843,不遗余力,58
844,万古流芳,1
845,取长补短,32
846,一掷千金,1
847,人才济济,2
848,知己知彼,2
849,了如指掌,1
850,不知所措,4
851,不动声色,2
852,以己度人,5
853,逢场作戏,3
854,假公济私,1
855,悔之晚矣,2
856,朝令夕改,7
857,犬牙交错,1
858,打成一片,12
859,寻根究底,1
860,千辛万苦,29
861,牢不可破,14
862,不可磨灭,16
863,空洞无物,1
864,无微不至,3
865,千疮百孔,2
866,永垂不朽,5
867,闻风而动,1
868,融为一体,28
869,低声下气,1
870,一手遮天,1
871,明知故犯,4
872,弹无虚发,1
873,落井下石,9
874,阳春白雪,1
875,手忙脚乱,3
876,惊心动魄,33
877,救死扶伤,65
878,有勇无谋,2
879,丰衣足食,11
880,随心所欲,12
881,食不甘味,1
882,素昧平生,1
883,忐忑不安,1
884,专心致志,6
885,一知半解,10
886,劳民伤财,9
887,岌岌可危,3
888,半壁江山,10
889,宾至如归,2
890,山清水秀,12
891,雄才大略,3
892,金玉良言,1
893,过犹不及,4
894,趾高气扬,2
895,患难与共,33
896,周而复始,3
897,横冲直撞,3
898,要言不烦,1
899,直言不讳,13
900,触目惊心,43
901,无家可归,4
902,一劳永逸,33
903,吐故纳新,5
904,令人发指,22
905,立竿见影,13
906,地利人和,3
907,喜气洋洋,4
908,琳琅满目,10
909,瓜熟蒂落,3
910,从头至尾,1
911,无理取闹,6
912,不惑之年,2
913,先声夺人,2
914,自由自在,1
915,上行下效,4
916,循序渐进,32
917,独树一帜,7
918,气急败坏,7
919,川流不息,11
920,欣欣向荣,41
921,趁火打劫,13
922,先入为主,1
923,两败俱伤,2
924,短兵相接,4
925,气势汹汹,5
926,无地自容,1
927,闻过则喜,4
928,名山大川,1
929,分崩离析,1
930,唯我独尊,34
931,百炼成钢,7
932,潜移默化,29
933,除恶务尽,3
934,皆大欢喜,3
935,人人自危,3
936,人尽其才,13
937,匹夫有责,30
938,数一数二,3
939,近水楼台,3
940,众望所归,5
941,层出不穷,67
942,一唱一和,5
943,相得益彰,87
944,各行其是,4
945,表里不一,4
946,乔装打扮,1
947,举一反三,6
948,夜不闭户,1
949,居高临下,8
950,内忧外患,33
951,不能自拔,10
952,善始善终,22
953,尽力而为,27
954,不假思索,1
955,公事公办,1
956,量力而行,34
957,驾轻就熟,2
958,拨乱反正,17
959,杳无音信,1
960,拉拉扯扯,2
961,杀身成仁,1
962,素不相识,2
963,临阵脱逃,7
964,求全责备,5
965,处心积虑,23
966,以身试法,9
967,根深叶茂,11
968,欺人之谈,1
969,掩人耳目,2
970,夜以继日,48
971,亦步亦趋,3
972,手舞足蹈,1
973,自取灭亡,2
974,自食其力,4
975,改弦更张,14
976,大声疾呼,7
977,灭顶之灾,6
978,怨声载道,2
979,文过饰非,7
980,始终如一,42
981,自以为是,8
982,混淆是非,32
983,肺腑之言,6
984,巧立名目,4
985,故步自封,6
986,挺身而出,186
987,大功告成,12
988,闭关自守,2
989,拍手称快,4
990,字斟句酌,1
991,日新月异,108
992,空中楼阁,10
993,本末倒置,5
994,有始有终,1
995,无以复加,4
996,锐不可当,3
997,比比皆是,17
998,风平浪静,28
999,颠倒黑白,84
1000,祸从天降,2
1001,庞然大物,8
1002,欺软怕硬,1
1003,开源节流,1
1004,扶老携幼,1
1005,积劳成疾,3
1006,大言不惭,13
1007,无边无际,1
1008,智勇双全,2
1009,焦头烂额,3
1010,妄自尊大,10
1011,曾几何时,11
1012,飞扬跋扈,2
1013,良辰美景,1
1014,锦绣河山,2
1015,徒劳无功,5
1016,为人师表,2
1017,重于泰山,40
1018,牵肠挂肚,4
1019,惨不忍睹,1
1020,守口如瓶,2
1021,患得患失,13
1022,豁然开朗,2
1023,公而忘私,6
1024,八面玲珑,3
1025,心服口服,3
1026,饱食终日,6
1027,恋恋不舍,1
1028,枕戈待旦,11
1029,闭目塞听,3
1030,同心协力,47
1031,方兴未艾,44
1032,不合时宜,19
1033,颠沛流离,7
1034,债台高筑,4
1035,粉身碎骨,3
1036,肃然起敬,13
1037,一清二楚,3
1038,忍无可忍,2
1039,不得要领,2
1040,不偏不倚,1
1041,四面楚歌,3
1042,流离失所,7
1043,设身处地,9
1044,唇齿相依,9
1045,座无虚席,5
1046,无计可施,1
1047,作壁上观,2
1048,大同小异,1
1049,无坚不摧,56
1050,聚精会神,16
1051,习以为常,7
1052,屈指可数,2
1053,搬弄是非,10
1054,一无是处,3
1055,铜墙铁壁,57
1056,剑拔弩张,4
1057,敬而远之,2
1058,水乳交融,5
1059,面红耳赤,1
1060,巧言令色,2
1061,老气横秋,1
1062,励精图治,24
1063,坐立不安,2
1064,以牙还牙,1
1065,轰轰烈烈,28
1066,包罗万象,1
1067,兼收并蓄,27
1068,化为乌有,1
1069,五湖四海,19
1070,六神无主,1
1071,千奇百怪,2
1072,天下太平,5
1073,耐人寻味,15
1074,现身说法,3
1075,前赴后继,69
1076,推波助澜,15
1077,循规蹈矩,1
1078,表里如一,16
1079,叹为观止,8
1080,摇尾乞怜,5
1081,胡思乱想,1
1082,天壤之别,7
1083,中流砥柱,59
1084,惊涛骇浪,86
1085,咫尺天涯,2
1086,孤家寡人,6
1087,万家灯火,16
1088,鸿篇巨制,4
1089,南腔北调,2
1090,行云流水,1
1091,休养生息,10
1092,一举成名,1
1093,得寸进尺,6
1094,家破人亡,2
1095,说三道四,51
1096,三心二意,4
1097,言而无信,10
1098,微乎其微,2
1099,重见天日,2
1100,虚度年华,3
1101,不见天日,1
1102,一无所获,3
1103,一无所有,1
1104,大开眼界,1
1105,济济一堂,1
1106,一哄而散,1
1107,一落千丈,3
1108,面目全非,2
1109,乐在其中,3
1110,金石为开,2
1111,高屋建瓴,31
1112,洛阳纸贵,1
1113,汗马功劳,4
1114,固若金汤,3
1115,有恃无恐,9
1116,欲盖弥彰,2
1117,风吹草动,6
1118,暗室不欺,1
1119,求贤若渴,2
1120,克勤克俭,1
1121,蜻蜓点水,12
1122,磨杵成针,1
1123,路不拾遗,1
1124,黄粱一梦,1
1125,拔苗助长,3
1126,重蹈覆辙,4
1127,闻鸡起舞,2
1128,巾帼英雄,3
1129,天怒人怨,1
1130,人情世故,1
1131,锲而不舍,73
1132,和衷共济,51
1133,口不应心,1
1134,言为心声,2
1135,诚惶诚恐,1
1136,有条不紊,19
1137,地广人稀,1
1138,痛心疾首,5
1139,无忧无虑,2
1140,风雨如晦,7
1141,旗开得胜,1
1142,后发制人,1
1143,任劳任怨,13
1144,迥然不同,1
1145,饮水思源,26
1146,气喘吁吁,1
1147,何乐不为,1
1148,愁肠百结,1
1149,天寒地冻,4
1150,披坚执锐,8
1151,披沙拣金,1
1152,腰缠万贯,3
1153,死而复生,1
1154,惹是生非,2
1155,待价而沽,2
1156,拭目以待,4
1157,摇唇鼓舌,3
1158,悲欢离合,1
1159,姹紫嫣红,12
1160,雄心勃勃,1
1161,博学多才,1
1162,慷慨激昂,3
1163,丧尽天良,2
1164,赤胆忠心,6
1165,隔靴搔痒,4
1166,当务之急,110
1167,人迹罕至,3
1168,绝无仅有,6
1169,出乎预料,2
1170,出乎意料,2
1171,毁于一旦,8
1172,妄自菲薄,14
1173,不得而知,2
1174,莫衷一是,3
1175,束手无策,12
1176,一无所成,1
1177,化险为夷,37
1178,绳之以法,14
1179,祸起萧墙,3
1180,浩如烟海,6
1181,相敬如宾,1
1182,如履薄冰,32
1183,披星戴月,8
1184,稍纵即逝,8
1185,点石成金,2
1186,翻来覆去,4
1187,积习难改,2
1188,流言蜚语,2
1189,如出一辙,9
1190,力挽狂澜,10
1191,火上浇油,16
1192,光阴似箭,1
1193,三番五次,5
1194,因噎废食,6
1195,鳏寡孤独,2
1196,言之有理,3
1197,目不暇接,2
1198,啧有烦言,1
1199,言犹在耳,8
1200,风吹浪打,22
1201,待人接物,1
1202,沧海桑田,26
1203,炙手可热,1
1204,青出于蓝,2
1205,空谷足音,2
1206,是非曲直,14
1207,图穷匕见,1
1208,今非昔比,6
1209,今不如昔,1
1210,民不聊生,8
1211,生灵涂炭,5
1212,刀山剑树,1
1213,总而言之,3
1214,赤子之心,72
1215,人心向背,28
1216,文恬武嬉,1
1217,万马齐喑,1
1218,万马奔腾,7
1219,暴风骤雨,7
1220,步履蹒跚,1
1221,因材施教,11
1222,不约而同,11
1223,以假乱真,2
1224,一意孤行,65
1225,耿耿于怀,2
1226,吃苦耐劳,16
1227,倒海翻江,1
1228,津津乐道,13
1229,趁虚而入,1
1230,雨过天青,2
1231,我行我素,13
1232,雅俗共赏,1
1233,深入人心,160
1234,汗流浃背,3
1235,无所不为,1
1236,兴妖作怪,1
1237,无所顾忌,1
1238,避实就虚,6
1239,哀鸿遍野,2
1240,临阵磨枪,1
1241,春华秋实,30
1242,大放厥词,24
1243,谨言慎行,6
1244,官样文章,2
1245,颠扑不破,8
1246,巧舌如簧,4
1247,唉声叹气,1
1248,艰苦卓绝,158
1249,跃然纸上,6
1250,逃之夭夭,2
1251,信口开河,6
1252,徒劳无益,1
1253,金戈铁马,1
1254,以邻为壑,32
1255,感激涕零,3
1256,震天动地,1
1257,声名狼藉,2
1258,不了了之,3
1259,以儆效尤,5
1260,克己奉公,12
1261,天南地北,6
1262,兴师问罪,1
1263,大公无私,9
1264,时不我待,92
1265,见所未见,1
1266,见义勇为,24
1267,手足无措,3
1268,言之凿凿,4
1269,知无不言,2
1270,乐善好施,5
1271,肆无忌惮,42
1272,汹涌澎湃,2
1273,摩拳擦掌,1
1274,鳞次栉比,3
1275,严阵以待,9
1276,夙兴夜寐,9
1277,四面八方,26
1278,如雷贯耳,1
1279,画地为牢,3
1280,悬崖勒马,16
1281,另眼相看,1
1282,视同儿戏,1
1283,沁人心脾,3
1284,灯红酒绿,2
1285,暴殄天物,1
1286,从谏如流,2
1287,博览群书,3
1288,正本清源,55
1289,费尽心机,6
1290,将心比心,17
1291,谨小慎微,1
1292,兴利除弊,3
1293,穷奢极欲,2
1294,翻云覆雨,4
1295,无价之宝,1
1296,力排众议,1
1297,虚与委蛇,2
1298,瞒天过海,2
1299,喜怒哀乐,6
1300,心旷神怡,2
1301,砥柱中流,7
1302,经天纬地,1
1303,吹吹打打,1
1304,孜孜不倦,16
1305,绳锯木断,3
1306,层峦叠嶂,1
1307,登堂入室,1
1308,若隐若现,2
1309,生离死别,2
1310,情有可原,2
1311,亲痛仇快,1
1312,螳臂当车,9
1313,溢于言表,8
1314,出其不意,1
1315,衣衫褴褛,2
1316,颐指气使,7
1317,众说纷纭,2
1318,披肝沥胆,3
1319,依然故我,1
1320,毛骨悚然,2
1321,理直气壮,25
1322,心无二用,1
1323,海晏河清,9
1324,故态复萌,1
1325,五花八门,7
1326,千山万水,49
1327,短小精悍,1
1328,无所用心,7
1329,当仁不让,2
1330,非亲非故,2
1331,名存实亡,5
1332,山高水长,2
1333,百战不殆,4
1334,天罗地网,1
1335,叠床架屋,2
1336,国计民生,40
1337,荣华富贵,3
1338,咄咄怪事,4
1339,坚如磐石,65
1340,魂牵梦萦,3
1341,相提并论,7
1342,指名道姓,4
1343,男耕女织,1
1344,深思熟虑,10
1345,无出其右,2
1346,大书特书,4
1347,积土成山,4
1348,集腋成裘,5
1349,聚沙成塔,13
1350,自强不息,128
1351,国泰民安,25
1352,敷衍了事,5
1353,再接再厉,86
1354,评头论足,1
1355,息事宁人,2
1356,开宗明义,11
1357,通力合作,25
1358,闭门造车,14
1359,郁郁葱葱,4
1360,一概而论,1
1361,好逸恶劳,2
1362,惊慌失措,9
1363,踌躇满志,1
1364,焕然一新,40
1365,长治久安,214
1366,钟鸣鼎食,1
1367,锦衣玉食,1
1368,淡泊明志,1
1369,如影随形,8
1370,风驰电掣,7
1371,轻于鸿毛,1
1372,欢欣鼓舞,7
1373,你死我活,6
1374,任其自然,1
1375,事不关己,8
1376,情不自禁,5
1377,各抒己见,2
1378,前车之鉴,2
1379,长篇累牍,1
1380,网开一面,4
1381,惩前毖后,10
1382,舍生取义,8
1383,杀鸡取卵,8
1384,坚强不屈,1
1385,备而不用,4
1386,失之交臂,3
1387,欣喜若狂,1
1388,事在人为,9
1389,战无不胜,12
1390,所向披靡,10
1391,大义凛然,6
1392,雕虫小技,2
1393,必由之路,149
1394,碌碌无为,7
1395,兼容并包,1
1396,淋漓尽致,28
1397,血气方刚,1
1398,轻重缓急,14
1399,心血来潮,6
1400,神采飞扬,3
1401,络绎不绝,11
1402,平心而论,4
1403,行色匆匆,1
1404,不可终日,1
1405,铭心刻骨,3
1406,言外之意,3
1407,视若无睹,1
1408,诗情画意,4
1409,急风暴雨,1
1410,人山人海,2
1411,生杀予夺,1
1412,留有余地,2
1413,助纣为虐,3
1414,树大招风,1
1415,高官厚禄,5
1416,炉火纯青,2
1417,旁门左道,2
1418,扶危济困,22
1419,雪中送炭,48
1420,荡气回肠,21
1421,以德报怨,1
1422,真心实意,19
1423,应接不暇,2
1424,未雨绸缪,61
1425,耳熟能详,13
1426,耳聪目明,1
1427,身经百战,1
1428,体无完肤,1
1429,坐而论道,19
1430,振振有词,3
1431,促膝谈心,1
1432,业精于勤,2
1433,厚颜无耻,3
1434,五谷丰登,4
1435,恨之入骨,1
1436,深恶痛绝,27
1437,来之不易,319
1438,心术不正,1
1439,举手之劳,1
1440,千锤百炼,17
1441,将信将疑,1
1442,白发苍苍,5
1443,山明水秀,1
1444,丰功伟绩,10
1445,封妻荫子,1
1446,步步高升,1
1447,风调雨顺,3
1448,良师益友,1
1449,玉石俱焚,6
1450,良药苦口,1
1451,名垂青史,2
1452,置之度外,6
1453,无可厚非,10
1454,慷慨陈词,5
1455,数典忘祖,9
1456,宵衣旰食,4
1457,草草了事,2
1458,沙里淘金,1
1459,除旧布新,5
1460,耀武扬威,1
1461,事倍功半,3
1462,为所欲为,20
1463,指手划脚,1
1464,文质彬彬,1
1465,狂风暴雨,6
1466,气贯长虹,6
1467,承上启下,18
1468,深谋远虑,17
1469,鉴往知来,11
1470,萧规曹随,1
1471,如法炮制,1
1472,健步如飞,1
1473,离乡背井,1
1474,沽名钓誉,2
1475,欺世盗名,5
1476,不堪回首,4
1477,心甘情愿,6
1478,其势汹汹,1
1479,仰不愧天,1
1480,荒诞无稽,2
1481,天伦之乐,2
1482,见怪不怪,4
1483,固执己见,1
1484,见多识广,3
1485,一蹴而就,62
1486,杀一儆百,1
1487,反躬自省,8
1488,人才辈出,5
1489,多事之秋,2
1490,长夜漫漫,1
1491,永无止境,49
1492,广开言路,8
1493,苟延残喘,1
1494,石破天惊,3
1495,翻天覆地,63
1496,冥顽不灵,1
1497,滴水穿石,17
1498,激浊扬清,31
1499,饮鸩止渴,4
1500,昏昏欲睡,1
1501,痛定思痛,8
1502,龙腾虎跃,1
1503,鱼龙混杂,4
1504,轻车熟路,2
1505,并行不悖,7
1506,包办代替,3
1507,作恶多端,2
1508,风吹雨打,20
1509,舍生忘死,105
1510,赏罚分明,2
1511,革故鼎新,42
1512,耳提面命,2
1513,融会贯通,36
1514,千差万别,25
1515,恬不知耻,4
1516,运筹帷幄,21
1517,想方设法,59
1518,荒无人烟,1
1519,柳暗花明,11
1520,党同伐异,1
1521,克敌制胜,17
1522,欺上瞒下,5
1523,奋不顾身,28
1524,山珍海味,1
1525,削足适履,3
1526,自暴自弃,3
1527,寻章摘句,1
1528,嗷嗷待哺,2
1529,引经据典,1
1530,百家争鸣,4
1531,就事论事,3
1532,提纲挈领,6
1533,骄傲自满,19
1534,触类旁通,1
1535,怨天尤人,7
1536,虚怀若谷,6
1537,大获全胜,3
1538,春寒料峭,1
1539,不屑一顾,4
1540,闭关锁国,4
1541,拨云见日,21
1542,兵临城下,5
1543,择善而从,1
1544,赤县神州,1
1545,爱惜羽毛,10
1546,摩肩接踵,8
1547,冲锋陷阵,58
1548,物换星移,9
1549,波谲云诡,14
1550,忧心忡忡,10
1551,忍俊不禁,1
1552,萎靡不振,3
1553,穷乡僻壤,4
1554,铢积寸累,2
1555,沸沸扬扬,1
1556,手足之情,1
1557,康庄大道,44
1558,光天化日,9
1559,安邦定国,7
1560,招财进宝,1
1561,窗明几净,2
1562,光辉灿烂,13
1563,竭尽全力,25
1564,精神抖擞,3
1565,熙熙攘攘,6
1566,当局者迷,3
1567,如火如荼,21
1568,凤毛麟角,1
1569,白纸黑字,5
1570,光怪陆离,2
1571,九霄云外,1
1572,不可胜数,1
1573,悲天悯人,1
1574,前仆后继,21
1575,恣意妄为,12
1576,初露头角,1
1577,春光明媚,1
1578,鸣锣开道,1
1579,安之若素,5
1580,大相径庭,1
1581,呼之欲出,10
1582,猝不及防,5
1583,洋洋大观,1
1584,仰人鼻息,3
1585,言近旨远,1
1586,粗心大意,2
1587,杂乱无章,1
1588,脱胎换骨,4
1589,冰清玉洁,1
1590,筋疲力尽,1
1591,日理万机,2
1592,贪生怕死,1
1593,孤立无援,4
1594,路人皆知,5
1595,相亲相爱,2
1596,愤愤不平,1
1597,井然有序,8
1598,席不暇暖,1
1599,不可理喻,3
1600,不可逾越,16
1601,儿女情长,1
1602,孤陋寡闻,3
1603,变本加厉,21
1604,高高在上,13
1605,刻骨铭心,29
1606,天长地久,1
1607,绵延不断,10
1608,小心谨慎,2
1609,指挥若定,4
1610,一哄而起,1
1611,博大精深,40
1612,利欲熏心,2
1613,大而无当,3
1614,偏听偏信,1
1615,离心离德,3
1616,恼羞成怒,1
1617,得意洋洋,3
1618,兴高采烈,1
1619,寥寥无几,3
1620,手无寸铁,2
1621,雨后春笋,7
1622,秋高气爽,1
1623,欲壑难填,1
1624,舍本逐末,3
1625,近在咫尺,5
1626,大势所趋,90
1627,寒来暑往,2
1628,雷霆万钧,15
1629,如饥似渴,6
1630,如获至宝,3
1631,如梦初醒,2
1632,少不更事,1
1633,精神焕发,3
1634,如狼似虎,1
1635,血肉相连,4
1636,洞若观火,4
1637,海阔天空,4
1638,前因后果,3
1639,错综复杂,103
1640,可乘之机,21
1641,色厉内荏,4
1642,众星捧月,3
1643,天涯海角,2
1644,付之东流,1
1645,付诸东流,9
1646,咄咄逼人,7
1647,百年之后,1
1648,和蔼可亲,1
1649,千秋万代,4
1650,因时制宜,20
1651,熙来攘往,1
1652,昭然若揭,33
1653,荒诞不经,6
1654,老骥伏枥,1
1655,脱颖而出,49
1656,雕梁画栋,1
1657,百万雄师,3
1658,千军万马,11
1659,鱼米之乡,1
1660,百年树人,7
1661,人声鼎沸,2
1662,轩然大波,6
1663,昙花一现,3
1664,绵里藏针,1
1665,好好先生,2
1666,人命关天,23
1667,枝繁叶茂,12
1668,风和日丽,6
1669,秋毫无犯,2
1670,搔首弄姿,1
1671,曲意逢迎,1
1672,苦不堪言,11
1673,无声无息,1
1674,轻举妄动,1
1675,发号施令,8
1676,子虚乌有,4
1677,明察暗访,1
1678,可歌可泣,58
1679,齐头并进,21
1680,接连不断,7
1681,成群结队,3
1682,难舍难分,1
1683,家喻户晓,10
1684,斗转星移,9
1685,何去何从,29
1686,反复无常,10
1687,合而为一,3
1688,一览无余,5
1689,铸成大错,1
1690,不胜其烦,1
1691,崭露头角,7
1692,不容置疑,6
1693,同日而语,7
1694,黯然失色,4
1695,以强凌弱,2
1696,急于求成,21
1697,言而有信,5
1698,油然而生,6
1699,从容就义,1
1700,一挥而就,1
1701,以礼相待,1
1702,始终不渝,67
1703,恻隐之心,1
1704,不败之地,25
1705,家常便饭,10
1706,有生之年,2
1707,一面之缘,1
1708,自讨苦吃,2
1709,胸无点墨,2
1710,言之有物,5
1711,天下为公,68
1712,一言难尽,1
1713,情同手足,2
1714,前无古人,25
1715,错落有致,2
1716,自作聪明,4
1717,一文不值,1
1718,积重难返,6
1719,鸡犬升天,2
1720,腹心之疾,2
1721,女娲补天,2
1722,风花雪月,2
1723,风刀霜剑,1
1724,一倡百和,1
1725,所作所为,52
1726,当家作主,162
1727,匪夷所思,9
1728,冲昏头脑,1
1729,听而不闻,3
1730,栉风沐雨,27
1731,街谈巷议,2
1732,排山倒海,18
1733,古往今来,30
1734,三十而立,10
1735,而立之年,10
1736,罚不当罪,1
1737,民怨沸腾,1
1738,金科玉律,4
1739,文房四宝,1
1740,天下第一,5
1741,地动山摇,14
1742,大千世界,7
1743,汪洋大海,23
1744,天方夜谭,3
1745,万水千山,32
1746,岁寒松柏,1
1747,街头巷尾,14
1748,比肩而立,1
1749,具体而微,6
1750,刀耕火种,2
1751,同仇敌忾,13
1752,沉疴宿疾,1
1753,礼义廉耻,1
1754,顾名思义,7
1755,振聋发聩,30
1756,镜花水月,5
1757,花团锦簇,2
1758,投桃报李,11
1759,打击报复,2
1760,多谋善断,1
1761,自怨自艾,2
1762,繁文缛节,18
1763,畏缩不前,9
1764,抚今追昔,20
1765,生老病死,6
1766,分门别类,3
1767,财大气粗,3
1768,乘胜追击,2
1769,粉饰太平,3
1770,为民请命,8
1771,百折不回,1
1772,星移斗转,1
1773,口说无凭,1
1774,有朝一日,1
1775,林林总总,4
1776,寸步不让,12
1777,身体力行,59
1778,苦心孤诣,2
1779,推三阻四,1
1780,明辨是非,22
1781,爱民如子,2
1782,面无人色,1
1783,洋洋得意,1
1784,梦寐以求,9
1785,万里长征,16
1786,活灵活现,1
1787,春风化雨,33
1788,知彼知己,1
1789,不亦乐乎,2
1790,天理难容,1
1791,扬汤止沸,1
1792,浑浑噩噩,6
1793,仰首伸眉,1
1794,大街小巷,29
1795,长风破浪,17
1796,兼而有之,4
1797,冷暖自知,1
1798,骨鲠在喉,1
1799,严刑峻法,1
1800,颠来倒去,1
1801,青山绿水,10
1802,觥筹交错,4
1803,大兴土木,2
1804,病从口入,2
1805,见微知著,19
1806,废寝忘食,4
1807,哗众取宠,15
1808,洪水猛兽,2
1809,食言而肥,1
1810,排斥异己,1
1811,约定俗成,3
1812,风餐露宿,3
1813,茹毛饮血,2
1814,互通有无,17
1815,竹篮打水,9
1816,见仁见智,2
1817,真知灼见,15
1818,口诛笔伐,2
1819,讳疾忌医,15
1820,难能可贵,29
1821,接踵而来,4
1822,拉帮结派,7
1823,避难就易,1
1824,欲罢不能,1
1825,千呼万唤,1
1826,建功立业,118
1827,字里行间,18
1828,始作俑者,8
1829,亘古未有,14
1830,风尘仆仆,5
1831,罪孽深重,1
1832,天马行空,4
1833,耳濡目染,6
1834,循循善诱,4
1835,动辄得咎,1
1836,从一而终,1
1837,清风明月,2
1838,鼻青脸肿,1
1839,茶余饭后,1
1840,恍如隔世,1
1841,失道寡助,28
1842,攻无不克,1
1843,屡次三番,1
1844,风卷残云,1
1845,星星之火,18
1846,当头棒喝,4
1847,必争之地,1
1848,异军突起,13
1849,火烧眉毛,1
1850,花甲之年,1
1851,中西合璧,4
1852,焚膏继晷,1
1853,落地生根,136
1854,败兴而归,2
1855,知足常乐,1
1856,卖国求荣,2
1857,发奋图强,1
1858,正襟危坐,1
1859,至死不渝,1
1860,至死不变,1
1861,养儿防老,1
1862,承前启后,32
1863,按捺不住,6
1864,鞠躬尽瘁,16
1865,严于律己,10
1866,流芳千古,1
1867,精美绝伦,1
1868,精妙绝伦,1
1869,坚忍不拔,69
1870,酣畅淋漓,4
1871,灰飞烟灭,1
1872,政通人和,6
1873,一张一弛,1
1874,一波三折,1
1875,千难万险,36
1876,碧血丹心,2
1877,狂妄自大,3
1878,弊绝风清,1
1879,国富民强,2
1880,尽心竭力,7
1881,追本溯源,1
1882,坎坷不平,1
1883,因循苟且,1
1884,救亡图存,40
1885,南征北战,2
1886,国破家亡,2
1887,吉祥如意,1
1888,东奔西走,2
1889,价廉物美,3
1890,屏气凝神,1
1891,千姿百态,3
1892,贪赃枉法,2
1893,黯淡无光,1
1894,缺吃少穿,6
1895,璀璨夺目,6
1896,骁勇善战,1
1897,敢作敢为,2
1898,志得意满,1
1899,有勇有谋,4
1900,灿烂辉煌,4
1901,感天动地,54
1902,领异标新,2
1903,轻车简从,4
1904,聪明才智,38
1905,安邦治国,1
1906,循环往复,3
1907,含辛茹苦,2
1908,不疾不徐,1
1909,不矜不伐,1
1910,浩浩荡荡,39
1911,龙争虎斗,1
1912,漫山遍野,1
1913,精疲力竭,1
1914,绿水青山,316
1915,艰难险阻,337
1916,民富国强,2
1917,豁达大度,1
1918,公正无私,2
1919,千叮万嘱,1
1920,侠肝义胆,1
1921,举手投足,1
1922,千山万壑,1
1923,七情六欲,1
1924,奇谈怪论,10
1925,生死存亡,30
1926,三山五岳,1
1927,志士仁人,9
1928,至亲好友,1
1929,不进则退,35
1930,千载一时,2
1931,俯拾即是,1
1932,俯拾皆是,1
1933,奉为圭臬,4
1934,不远千里,1
1935,不以为耻,3
1936,互为表里,3
1937,矢志不渝,67
1938,矢志不移,9
1939,甘居人后,1
1940,坐收渔利,2
1941,浪迹天涯,1
1942,目无法纪,2
1943,有所作为,16
1944,勇冠三军,1
1945,转祸为福,1
1946,一扫而光,1
1947,潸然泪下,5
1948,不可偏废,6
1949,岿然不动,9
1950,暮气沉沉,6
1951,惘然若失,1
1952,金玉满堂,1
1953,漫天要价,11
1954,旖旎风光,1
1955,慷慨就义,3
1956,急如星火,1
1957,坚不可摧,65
1958,叫苦不迭,2
1959,瞬息万变,7
1960,俯仰无愧,1
1961,当断不断,2
1962,连绵不断,2
1963,蜂拥而上,1
1964,恶意中伤,5
1965,以身许国,24
1966,以柔克刚,1
1967,疲惫不堪,1
1968,绵绵不绝,2
1969,怡然自得,2
1970,相濡以沫,1
1971,一门心思,15
1972,秋毫之末,2
1973,一席之地,11
1974,一家之言,1
1975,门户之见,2
1976,栋梁之材,16
1977,方便之门,6
1978,一寸丹心,1
1979,失之东隅,1
1980,深信不疑,1
1981,他山之石,1
1982,谆谆教导,6
1983,不正之风,40
1984,丹青妙手,3
1985,神来之笔,1
1986,锦绣山河,2
1987,公平交易,2
1988,一片丹心,1
1989,才德兼备,2
1990,步履维艰,6
1991,相差无几,2
1992,沧海横流,46
1993,机关算尽,4
1994,心如铁石,1
1995,学富五车,1
1996,志在四方,6
1997,感慨系之,1
1998,甘之如饴,3
1999,字字珠玑,1
2000,同声相应,3
2001,举重若轻,3
2002,教学相长,1
2003,三足鼎立,2
2004,寸土不让,2
2005,刀枪入库,3
2006,品学兼优,1
2007,炮火连天,1
2008,百废待兴,28
2009,面目可憎,2
2010,关怀备至,4
2011,天下无敌,4
2012,新婚燕尔,1
2013,惺惺相惜,1
2014,气象万千,13
2015,声势浩大,12
2016,交口称赞,4
2017,是非分明,3
2018,安不忘危,3
2019,民生凋敝,1
2020,目光炯炯,1
2021,人心惶惶,4
2022,忧心如焚,1
2023,信誓旦旦,11
2024,心无旁骛,100
2025,力所不及,1
2026,心向往之,8
2027,风云际会,9
2028,壮志未酬,1
2029,政出多门,6
2030,议论纷纷,1
2031,足不出户,25
2032,从恶如崩,3
2033,热情洋溢,4
2034,学海无涯,2
2035,蚍蜉撼树,3
2036,语言无味,1
2037,愚公移山,16
2038,霸王别姬,1
2039,一叶障目,4
2040,孟母三迁,1
2041,水火无情,1
2042,游山玩水,3
2043,孔孟之道,1
2044,刚柔相济,1
2045,成败得失,5
2046,以暴易暴,1
2047,能工巧匠,9
2048,终南捷径,1
2049,自知之明,3
2050,史不绝书,1
2051,振臂一呼,4
2052,人心不古,2
2053,用武之地,10
2054,仁人志士,33
2055,火眼金睛,4
2056,白山黑水,11
2057,附庸风雅,1
2058,千千万万,184
2059,堆积如山,1
2060,风雨无阻,136
2061,吃喝玩乐,8
2062,实至名归,3
2063,日就月将,2
2064,雾里看花,1
2065,贻笑大方,5
2066,多难兴邦,6
2067,大雅之堂,1
2068,命中注定,2
2069,死于非命,1
2070,日复一日,14
2071,柴米油盐,19
2072,吹牛拍马,1
2073,高抬贵手,1
2074,匹夫之勇,2
2075,诸如此类,14
2076,空穴来风,1
2077,谦谦君子,1
2078,鸣金收兵,2
2079,逢山开路,70
2080,闭门不出,1
2081,见利思义,2
2082,比翼双飞,1
2083,积羽沉舟,1
2084,功成身退,1
2085,博施济众,2
2086,慌不择路,1
2087,决胜千里,2
2088,东奔西跑,1
2089,踔厉风发,1
2090,夺眶而出,1
2091,时和年丰,1
2092,开疆辟土,1
2093,尽心尽力,17
2094,动心忍性,1
2095,狂风骤雨,34
2096,不仁不义,1
2097,鲸吞蚕食,1
2098,轻歌曼舞,1
2099,国富兵强,2
2100,搽脂抹粉,1
2101,蚕食鲸吞,1
2102,一草一木,2
2103,半生不熟,1
2104,风急浪高,7
2105,你追我赶,6
2106,逞强好胜,1
2107,呼朋唤友,1
2108,著书立说,1
2109,精金美玉,1
2110,河清海晏,1
2111,断壁残垣,1
2112,忠心赤胆,2
2113,富国强民,1
2114,公平合理,13
2115,桃红柳绿,1
2116,南来北往,3
2117,嬉笑怒骂,1
2118,男女老少,4
2119,男女老幼,2
2120,高楼大厦,9
2121,一言一行,25
2122,一举一动,16
2123,得失成败,2
2124,寸有所长,1
2125,文以载道,4
2126,落叶知秋,1
2127,可见一斑,23
2128,不违农时,2
2129,重操旧业,1
2130,不辱使命,60
2131,不顾一切,4
2132,合二为一,1
2133,传为佳话,3
2134,重起炉灶,1
2135,别无二致,1
2136,不甘雌伏,1
2137,另辟蹊径,3
2138,发人深思,6
2139,挥汗如雨,10
2140,朝夕相处,3
2141,乘兴而来,4
2142,慕名而来,3
2143,赞叹不已,3
2144,接踵而至,9
2145,百尺竿头,18
2146,以偏概全,6
2147,满目凄凉,1
2148,龙马精神,1
2149,弥留之际,4
2150,安身之地,1
2151,尺寸之功,11
2152,经验之谈,2
2153,看家本领,15
2154,庐山真面,1
2155,浩然之气,11
2156,笼中之鸟,2
2157,大好河山,6
2158,呼吸相通,2
2159,各自为战,11
2160,比翼齐飞,4
2161,名利双收,1
2162,汗流满面,1
2163,自讨没趣,2
2164,一走了之,2
2165,各取所需,1
2166,危机四伏,2
2167,风雪交加,1
2168,语不惊人,5
2169,矮子看戏,1
2170,画虎不成,1
2171,目光如炬,1
2172,守身如玉,2
2173,上下一心,19
2174,各就各位,3
2175,大地回春,2
2176,安危相易,1
2177,宾朋满座,1
2178,薄技在身,1
2179,兵无常势,1
2180,尺有所短,1
2181,长夜难明,1
2182,蚁穴溃堤,1
2183,庖丁解牛,2
2184,得道多助,31
2185,星火燎原,4
2186,奔走呼号,4
2187,峰回路转,4
2188,狂轰滥炸,2
2189,合情合理,8
2190,进德修业,1
2191,分工合作,15
2192,多灾多难,2
2193,伤筋动骨,2
2194,正心诚意,4
2195,先忧后乐,1
2196,苍白无力,4
2197,由此及彼,2
2198,风风雨雨,21
2199,艰难曲折,5
2200,剑胆琴心,1
2201,源清流洁,1
2202,知易行难,5
2203,诸子百家,4
2204,列祖列宗,3
2205,钢筋铁骨,4
2206,一点一滴,35
2207,一字一句,4
2208,千门万户,1
2209,一年一度,20
2210,低声细语,1
2211,大起大落,6
2212,加减乘除,1
2213,要言妙道,1
2214,舍我其谁,36
2215,慷慨悲歌,2
2216,从容应对,29
2217,以水济水,1
2218,勇猛精进,2
2219,为国捐躯,6
2220,浑身解数,3
2221,长久之计,3
2222,出头之日,1
2223,方寸之地,1
2224,文武之道,1
2225,独立王国,1
2226,黄花晚节,1
2227,狗皮膏药,1
2228,黄金时间,4
2229,一片冰心,1
2230,攻心为上,1
2231,江山如画,3
2232,口不择言,1
2233,逝者如斯,6
2234,波涛汹涌,19
2235,和气生财,1
2236,国将不国,1
2237,贿赂公行,1
2238,一元复始,1
2239,近亲繁殖,1
