Location,Salary,Date
Remote,,2023-02-24
"Fort Meade, MD",125500.0,2023-02-24
"Springfield, VA",78500.0,2023-02-24
"Dallas, TX",106500.0,2023-02-24
"Holly Springs, NC",106500.0,2023-02-24
"Houston, TX",184000.0,2023-02-24
"Smithfield, RI",,2023-02-24
"Newport Beach, CA",132500.0,2023-02-24
"Skowhegan, ME",83500.0,2023-02-24
"Dallas, TX",110500.0,2023-02-24
"Kingwood, TX",76000.0,2023-02-24
"Chicago, IL",102000.0,2023-02-24
"Stennis Space Center, MS",95500.0,2023-02-24
Remote,130000.0,2023-02-24
"Westlake, TX",111500.0,2023-02-24
Pennsylvania,,2023-02-24
"Albany, OR",97000.0,2023-02-24
"San Jose, CA",142000.0,2023-02-24
"Seattle, WA",116500.0,2023-02-24
"Portland, ME",140500.0,2023-02-24
"Bethesda, MD",150500.0,2023-02-24
Manhattan,,2023-02-24
Remote,,2023-02-24
"Washington, DC",59500.0,2023-02-24
"Tampa, FL",65000.0,2023-02-24
"Clinton, NY",,2023-02-24
"Cranbury, NJ",,2023-02-24
"Boston, MA",62500.0,2023-02-24
"Sapulpa, OK",127000.0,2023-02-24
"Seattle, WA",117000.0,2023-02-24
"Fort Worth, TX",105500.0,2023-02-24
"Tilton, NH",65000.0,2023-02-24
"Capitol Heights, MD",21000.0,2023-02-24
"Coos Bay, OR",35000.0,2023-02-24
"Chicago, IL",71000.0,2023-02-24
"Birmingham, AL",82000.0,2023-02-24
"Los Angeles, CA",48339.0,2023-02-24
"Miami, FL",51000.0,2023-02-24
"Egg Harbor Township, NJ",27500.0,2023-02-24
Remote,73800.0,2023-02-24
"Bellevue, WA",96000.0,2023-02-24
"Troy, MI",70500.0,2023-02-24
"Dedham, MA",74500.0,2023-02-24
Remote,,2023-02-24
"Sidney, OH",62500.0,2023-02-24
"Greenville, NC",55000.0,2023-02-24
"Cambridge, MA",84000.0,2023-02-24
"Edwards, CA",75000.0,2023-02-24
Remote,132500.0,2023-02-24
"Griffin, GA",56500.0,2023-02-24
Illinois,,2023-02-24
"Houston, TX",55500.0,2023-02-24
Remote,,2023-02-24
"Fort Lawn, SC",75000.0,2023-02-24
"Chicago, IL",42500.0,2023-02-24
"Seattle, WA",4500.0,2023-02-24
"Bellevue, WA",61000.0,2023-02-24
"Rio Grande City, TX",67500.0,2023-02-24
"San Diego, CA",102000.0,2023-02-24
"University Park, PA",81000.0,2023-02-24
"Sparks, NV",90000.0,2023-02-24
"Akron, OH",72000.0,2023-02-24
"Washington, DC",80000.0,2023-02-24
"Pittsburgh, PA",42500.0,2023-02-24
Remote,160000.0,2023-02-24
"Eugene, OR",97500.0,2023-02-24
Remote,75000.0,2023-02-24
"New York, NY",152500.0,2023-02-24
"Herndon, VA",103000.0,2023-02-24
"Pontiac, MI",91000.0,2023-02-24
Remote,,2023-02-24
"Piscataway, NJ",91000.0,2023-02-24
"Woodbridge, NJ",120000.0,2023-02-24
"Victor, NY",104500.0,2023-02-24
"Jacksonville, FL",42000.0,2023-02-24
"Chicago, IL",78000.0,2023-02-24
"Atlanta, GA",94000.0,2023-02-24
"New York, NY",116000.0,2023-02-24
"Rome, GA",125000.0,2023-02-24
"Rosslyn, VA",107500.0,2023-02-24
"Wellesley Hills, MA",29000.0,2023-02-24
"San Jose, CA",142000.0,2023-02-24
"Washington, DC",51000.0,2023-02-24
"Plymouth, MI",90000.0,2023-02-24
"Sterling, VA",120500.0,2023-02-24
"Tampa, FL",80000.0,2023-02-24
"Richardson, TX",120000.0,2023-02-24
